transaction_id,customer_id,account_id,transaction_type,amount,timestamp,status,merchant_category
TXN_10000,CUST_139,ACC_1037,DEBIT,796.6,2026-01-01 00:00:00.000000,SUCCESS,HEALTHCARE
TXN_10001,CUST_129,ACC_1036,CREDIT,2856.81,2026-01-01 01:38:01.081081,SUCCESS,SHOPPING
TXN_10002,CUST_115,ACC_1024,DEBIT,930.03,2026-01-01 03:16:02.162162,FAILED,
TXN_10003,CUST_143,ACC_1031,DEBIT,3218.43,2026-01-01 04:54:03.243243,PENDING,HEALTHCARE
TXN_10004,CUST_108,ACC_1006,CREDIT,7749.59,2026-01-01 06:32:04.324324,SUCCESS,ENTERTAINMENT
TXN_10005,CUST_121,ACC_1002,TRANSFER,3244.89,2026-01-01 08:10:05.405405,SUCCESS,TRAVEL
TXN_10006,CUST_139,ACC_1020,DEBIT,5017.26,2026-01-01 09:48:06.486486,SUCCESS,SHOPPING
TXN_10007,CUST_119,ACC_1028,DEBIT,55.27,2026-01-01 11:26:07.567567,SUCCESS,HEALTHCARE
TXN_10008,CUST_123,ACC_1011,DEBIT,3210.83,2026-01-01 13:04:08.648648,SUCCESS,TRAVEL
TXN_10009,CUST_111,ACC_1004,DEBIT,4473.83,2026-01-01 14:42:09.729729,SUCCESS,FOOD
TXN_10010,CUST_111,ACC_1015,CREDIT,153.51,2026-01-01 16:20:10.810810,SUCCESS,FOOD
TXN_10011,CUST_124,ACC_1006,DEBIT,5181.47,2026-01-01 17:58:11.891891,PENDING,SHOPPING
TXN_10012,CUST_136,ACC_1049,CREDIT,791.62,2026-01-01 19:36:12.972972,SUCCESS,HEALTHCARE
TXN_10013,CUST_140,ACC_1030,DEBIT,2786.24,2026-01-01 21:14:14.054054,SUCCESS,HEALTHCARE
TXN_10014,CUST_124,ACC_1038,DEBIT,4078.03,2026-01-01 22:52:15.135135,SUCCESS,HEALTHCARE
TXN_10015,CUST_103,ACC_1002,DEBIT,2766.69,2026-01-02 00:30:16.216216,SUCCESS,ENTERTAINMENT
TXN_10016,CUST_122,ACC_1015,DEBIT,292.06,2026-01-02 02:08:17.297297,SUCCESS,TRAVEL
TXN_10017,CUST_102,ACC_1011,DEBIT,2317.84,2026-01-02 03:46:18.378378,SUCCESS,HEALTHCARE
TXN_10018,CUST_124,ACC_1008,DEBIT,2043.96,2026-01-02 05:24:19.459459,SUCCESS,TRAVEL
TXN_10019,CUST_144,ACC_1026,TRANSFER,5814.51,2026-01-02 07:02:20.540540,SUCCESS,SHOPPING
TXN_10020,CUST_130,ACC_1045,DEBIT,1344.79,2026-01-02 08:40:21.621621,SUCCESS,HEALTHCARE
TXN_10021,CUST_138,ACC_1044,TRANSFER,1018.13,2026-01-02 10:18:22.702702,SUCCESS,SHOPPING
TXN_10022,CUST_102,ACC_1005,DEBIT,3514.24,2026-01-02 11:56:23.783783,SUCCESS,HEALTHCARE
TXN_10023,CUST_121,ACC_1006,TRANSFER,1380.44,2026-01-02 13:34:24.864864,SUCCESS,FOOD
TXN_10024,CUST_133,ACC_1026,CREDIT,2646.83,2026-01-02 15:12:25.945945,SUCCESS,UTILITIES
TXN_10025,CUST_112,ACC_1004,CREDIT,2649.33,2026-01-02 16:50:27.027027,SUCCESS,SHOPPING
TXN_10026,CUST_122,ACC_1019,CREDIT,5524.01,2026-01-02 18:28:28.108108,SUCCESS,HEALTHCARE
TXN_10027,CUST_144,ACC_1020,CREDIT,2332.57,2026-01-02 20:06:29.189189,SUCCESS,UTILITIES
TXN_10028,CUST_125,ACC_1033,CREDIT,1793.66,2026-01-02 21:44:30.270270,SUCCESS,SHOPPING
TXN_10029,CUST_149,ACC_1020,CREDIT,423.78,2026-01-02 23:22:31.351351,SUCCESS,ENTERTAINMENT
TXN_10030,CUST_127,ACC_1049,CREDIT,357.5,2026-01-03 01:00:32.432432,SUCCESS,HEALTHCARE
TXN_10031,CUST_142,ACC_1012,DEBIT,469.04,2026-01-03 02:38:33.513513,SUCCESS,ENTERTAINMENT
TXN_10032,CUST_128,ACC_1047,DEBIT,127057.68,2026-01-03 04:16:34.594594,SUCCESS,FOOD
TXN_10033,CUST_116,ACC_1001,CREDIT,2589.43,2026-01-03 05:54:35.675675,SUCCESS,HEALTHCARE
TXN_10034,CUST_115,ACC_1026,CREDIT,3427.14,2026-01-03 07:32:36.756756,SUCCESS,FOOD
TXN_10035,CUST_147,ACC_1014,CREDIT,1937.51,2026-01-03 09:10:37.837837,SUCCESS,UTILITIES
TXN_10036,CUST_144,ACC_1038,CREDIT,4465.49,2026-01-03 10:48:38.918918,SUCCESS,SHOPPING
TXN_10037,CUST_103,ACC_1037,TRANSFER,11900.54,2026-01-03 12:26:40.000000,FAILED,TRAVEL
TXN_10038,CUST_137,ACC_1011,DEBIT,4337.17,2026-01-03 14:04:41.081081,SUCCESS,FOOD
TXN_10039,CUST_107,ACC_1036,DEBIT,3017.64,2026-01-03 15:42:42.162162,SUCCESS,TRAVEL
TXN_10040,CUST_121,ACC_1013,DEBIT,1950.85,2026-01-03 17:20:43.243243,SUCCESS,TRAVEL
TXN_10041,CUST_109,ACC_1043,DEBIT,1539.38,2026-01-03 18:58:44.324324,SUCCESS,SHOPPING
TXN_10042,CUST_139,ACC_1003,TRANSFER,270.42,2026-01-03 20:36:45.405405,SUCCESS,UTILITIES
TXN_10043,CUST_118,ACC_1033,DEBIT,1324.44,2026-01-03 22:14:46.486486,SUCCESS,SHOPPING
TXN_10044,CUST_104,ACC_1006,CREDIT,6073.61,2026-01-03 23:52:47.567567,SUCCESS,HEALTHCARE
TXN_10045,CUST_125,ACC_1010,DEBIT,4175.94,2026-01-04 01:30:48.648648,SUCCESS,FOOD
TXN_10046,CUST_114,ACC_1005,CREDIT,658.53,2026-01-04 03:08:49.729729,SUCCESS,TRAVEL
TXN_10047,CUST_109,ACC_1023,CREDIT,1621.25,2026-01-04 04:46:50.810810,SUCCESS,SHOPPING
TXN_10048,CUST_126,ACC_1010,DEBIT,4291.89,2026-01-04 06:24:51.891891,SUCCESS,SHOPPING
TXN_10049,CUST_102,ACC_1044,CREDIT,224.41,2026-01-04 08:02:52.972972,SUCCESS,SHOPPING
TXN_10050,CUST_120,ACC_1002,DEBIT,1275.08,2026-01-04 09:40:54.054054,PENDING,FOOD
TXN_10051,CUST_128,ACC_1013,DEBIT,4823.68,2026-01-04 11:18:55.135135,SUCCESS,UTILITIES
TXN_10052,CUST_147,ACC_1040,DEBIT,1343.36,2026-01-04 12:56:56.216216,FAILED,SHOPPING
TXN_10053,CUST_107,ACC_1002,DEBIT,251.98,2026-01-04 14:34:57.297297,SUCCESS,FOOD
TXN_10054,CUST_144,ACC_1020,DEBIT,2005.13,2026-01-04 16:12:58.378378,SUCCESS,TRAVEL
TXN_10055,CUST_108,ACC_1001,CREDIT,4996.59,2026-01-04 17:50:59.459459,SUCCESS,HEALTHCARE
TXN_10056,CUST_147,ACC_1037,CREDIT,2280.74,2026-01-04 19:29:00.540540,SUCCESS,ENTERTAINMENT
TXN_10057,CUST_135,ACC_1009,CREDIT,691.36,2026-01-04 21:07:01.621621,SUCCESS,FOOD
TXN_10058,CUST_114,ACC_1017,DEBIT,1262.24,2026-01-04 22:45:02.702702,SUCCESS,ENTERTAINMENT
TXN_10059,CUST_117,ACC_1009,CREDIT,1545.15,2026-01-05 00:23:03.783783,SUCCESS,SHOPPING
TXN_10060,CUST_136,ACC_1011,DEBIT,2214.39,2026-01-05 02:01:04.864864,FAILED,SHOPPING
TXN_10061,CUST_140,ACC_1015,DEBIT,3611.04,2026-01-05 03:39:05.945945,SUCCESS,FOOD
TXN_10062,CUST_104,ACC_1024,TRANSFER,310.27,2026-01-05 05:17:07.027027,SUCCESS,ENTERTAINMENT
TXN_10063,CUST_102,ACC_1038,DEBIT,5560.29,2026-01-05 06:55:08.108108,SUCCESS,SHOPPING
TXN_10064,CUST_106,ACC_1035,CREDIT,80.97,2026-01-05 08:33:09.189189,SUCCESS,TRAVEL
TXN_10065,CUST_142,ACC_1030,CREDIT,1205.3,2026-01-05 10:11:10.270270,SUCCESS,UTILITIES
TXN_10066,CUST_104,ACC_1031,DEBIT,119.51,2026-01-05 11:49:11.351351,SUCCESS,UTILITIES
TXN_10067,CUST_129,ACC_1049,DEBIT,1297.96,2026-01-05 13:27:12.432432,FAILED,SHOPPING
TXN_10068,CUST_118,ACC_1005,DEBIT,1915.38,2026-01-05 15:05:13.513513,SUCCESS,ENTERTAINMENT
TXN_10069,CUST_126,ACC_1044,TRANSFER,1841.97,2026-01-05 16:43:14.594594,SUCCESS,HEALTHCARE
TXN_10070,CUST_144,ACC_1014,DEBIT,502.69,2026-01-05 18:21:15.675675,SUCCESS,SHOPPING
TXN_10071,CUST_134,ACC_1011,DEBIT,2644.31,2026-01-05 19:59:16.756756,FAILED,HEALTHCARE
TXN_10072,CUST_110,ACC_1009,DEBIT,164.53,2026-01-05 21:37:17.837837,SUCCESS,HEALTHCARE
TXN_10073,CUST_136,ACC_1034,CREDIT,3637.73,2026-01-05 23:15:18.918918,SUCCESS,ENTERTAINMENT
TXN_10074,CUST_114,ACC_1012,DEBIT,7376.94,2026-01-06 00:53:20.000000,SUCCESS,HEALTHCARE
TXN_10075,CUST_131,ACC_1035,DEBIT,1087.91,2026-01-06 02:31:21.081081,SUCCESS,TRAVEL
TXN_10076,CUST_148,ACC_1035,CREDIT,1870.59,2026-01-06 04:09:22.162162,SUCCESS,ENTERTAINMENT
TXN_10077,CUST_115,ACC_1001,TRANSFER,1240.7,2026-01-06 05:47:23.243243,SUCCESS,SHOPPING
TXN_10078,CUST_108,ACC_1040,DEBIT,66.83,2026-01-06 07:25:24.324324,SUCCESS,TRAVEL
TXN_10079,CUST_114,ACC_1022,DEBIT,1268.89,2026-01-06 09:03:25.405405,SUCCESS,FOOD
TXN_10080,CUST_123,ACC_1029,DEBIT,3972.18,2026-01-06 10:41:26.486486,SUCCESS,UTILITIES
TXN_10081,CUST_140,ACC_1008,CREDIT,2315.78,2026-01-06 12:19:27.567567,SUCCESS,SHOPPING
TXN_10082,CUST_121,ACC_1011,DEBIT,316.9,2026-01-06 13:57:28.648648,SUCCESS,SHOPPING
TXN_10083,CUST_116,ACC_1041,CREDIT,4745.57,2026-01-06 15:35:29.729729,SUCCESS,SHOPPING
TXN_10084,CUST_145,ACC_1037,CREDIT,1943.34,2026-01-06 17:13:30.810810,SUCCESS,TRAVEL
TXN_10085,CUST_118,ACC_1014,CREDIT,,2026-01-06 18:51:31.891891,SUCCESS,FOOD
TXN_10086,CUST_147,ACC_1030,DEBIT,2220.07,2026-01-06 20:29:32.972972,SUCCESS,ENTERTAINMENT
TXN_10087,CUST_124,ACC_1035,TRANSFER,2100.68,2026-01-06 22:07:34.054054,SUCCESS,FOOD
TXN_10088,CUST_126,ACC_1021,CREDIT,328.05,2026-01-06 23:45:35.135135,FAILED,TRAVEL
TXN_10089,CUST_125,ACC_1037,CREDIT,507.88,2026-01-07 01:23:36.216216,SUCCESS,SHOPPING
TXN_10090,CUST_145,ACC_1005,DEBIT,8991.13,2026-01-07 03:01:37.297297,SUCCESS,UTILITIES
TXN_10091,CUST_141,ACC_1019,TRANSFER,698.5,2026-01-07 04:39:38.378378,SUCCESS,SHOPPING
TXN_10092,CUST_129,ACC_1014,DEBIT,9530.29,2026-01-07 06:17:39.459459,SUCCESS,ENTERTAINMENT
TXN_10093,CUST_115,ACC_1026,DEBIT,1947.75,2026-01-07 07:55:40.540540,SUCCESS,HEALTHCARE
TXN_10094,CUST_145,ACC_1004,DEBIT,119359.97,2026-01-07 09:33:41.621621,SUCCESS,UTILITIES
TXN_10095,CUST_101,ACC_1025,CREDIT,311.46,2026-01-07 11:11:42.702702,SUCCESS,SHOPPING
TXN_10096,CUST_125,ACC_1045,DEBIT,635.71,2026-01-07 12:49:43.783783,SUCCESS,UTILITIES
TXN_10097,CUST_107,ACC_1042,DEBIT,6547.0,2026-01-07 14:27:44.864864,SUCCESS,HEALTHCARE
TXN_10098,CUST_109,ACC_1025,DEBIT,1386.73,2026-01-07 16:05:45.945945,SUCCESS,FOOD
TXN_10099,CUST_124,ACC_1018,DEBIT,1308.11,2026-01-07 17:43:47.027027,SUCCESS,TRAVEL
TXN_10100,CUST_101,ACC_1040,CREDIT,989.3,2026-01-07 19:21:48.108108,SUCCESS,SHOPPING
TXN_10101,CUST_144,ACC_1008,CREDIT,447.67,2026-01-07 20:59:49.189189,SUCCESS,ENTERTAINMENT
TXN_10102,CUST_108,ACC_1039,DEBIT,1722.85,2026-01-07 22:37:50.270270,FAILED,FOOD
TXN_10103,CUST_124,ACC_1040,DEBIT,398.29,2026-01-08 00:15:51.351351,SUCCESS,SHOPPING
TXN_10104,CUST_111,ACC_1014,CREDIT,4561.81,2026-01-08 01:53:52.432432,SUCCESS,FOOD
TXN_10105,CUST_117,ACC_1032,DEBIT,1206.66,2026-01-08 03:31:53.513513,SUCCESS,ENTERTAINMENT
TXN_10106,CUST_108,ACC_1038,DEBIT,1224.22,2026-01-08 05:09:54.594594,SUCCESS,SHOPPING
TXN_10107,CUST_135,ACC_1033,TRANSFER,1656.17,2026-01-08 06:47:55.675675,SUCCESS,HEALTHCARE
TXN_10108,CUST_135,ACC_1023,CREDIT,1518.04,2026-01-08 08:25:56.756756,SUCCESS,HEALTHCARE
TXN_10109,CUST_133,ACC_1015,DEBIT,13225.77,2026-01-08 10:03:57.837837,SUCCESS,ENTERTAINMENT
TXN_10110,CUST_105,ACC_1033,CREDIT,2020.74,2026-01-08 11:41:58.918918,SUCCESS,UTILITIES
TXN_10111,CUST_142,ACC_1025,DEBIT,280.84,2026-01-08 13:20:00.000000,SUCCESS,ENTERTAINMENT
TXN_10112,CUST_139,ACC_1017,CREDIT,2384.08,2026-01-08 14:58:01.081081,SUCCESS,UTILITIES
TXN_10113,CUST_141,ACC_1033,DEBIT,460.96,2026-01-08 16:36:02.162162,SUCCESS,SHOPPING
TXN_10114,CUST_128,ACC_1047,DEBIT,128.57,2026-01-08 18:14:03.243243,SUCCESS,UTILITIES
TXN_10115,CUST_107,ACC_1002,DEBIT,8879.02,2026-01-08 19:52:04.324324,PENDING,SHOPPING
TXN_10116,CUST_109,ACC_1014,TRANSFER,3762.96,2026-01-08 21:30:05.405405,SUCCESS,SHOPPING
TXN_10117,CUST_108,ACC_1040,CREDIT,9843.72,2026-01-08 23:08:06.486486,SUCCESS,TRAVEL
TXN_10118,CUST_112,ACC_1040,DEBIT,1674.64,2026-01-09 00:46:07.567567,SUCCESS,SHOPPING
TXN_10119,CUST_134,ACC_1039,DEBIT,1949.59,2026-01-09 02:24:08.648648,PENDING,UTILITIES
TXN_10120,CUST_133,ACC_1006,CREDIT,510.82,2026-01-09 04:02:09.729729,SUCCESS,TRAVEL
TXN_10121,CUST_148,ACC_1006,DEBIT,758.92,2026-01-09 05:40:10.810810,SUCCESS,TRAVEL
TXN_10122,CUST_123,ACC_1003,DEBIT,4608.89,2026-01-09 07:18:11.891891,SUCCESS,SHOPPING
TXN_10123,CUST_124,ACC_1007,TRANSFER,1150.86,2026-01-09 08:56:12.972972,SUCCESS,ENTERTAINMENT
TXN_10124,CUST_137,ACC_1008,DEBIT,4433.49,2026-01-09 10:34:14.054054,SUCCESS,ENTERTAINMENT
TXN_10125,CUST_135,ACC_1042,CREDIT,3136.2,2026-01-09 12:12:15.135135,SUCCESS,HEALTHCARE
TXN_10126,CUST_144,ACC_1015,TRANSFER,537.52,2026-01-09 13:50:16.216216,SUCCESS,TRAVEL
TXN_10127,CUST_140,ACC_1047,DEBIT,1820.38,2026-01-09 15:28:17.297297,SUCCESS,SHOPPING
TXN_10128,CUST_122,ACC_1029,DEBIT,2878.26,2026-01-09 17:06:18.378378,SUCCESS,ENTERTAINMENT
TXN_10129,CUST_127,ACC_1033,DEBIT,719.82,2026-01-09 18:44:19.459459,SUCCESS,SHOPPING
TXN_10130,CUST_135,ACC_1030,TRANSFER,4490.04,2026-01-09 20:22:20.540540,SUCCESS,SHOPPING
TXN_10131,CUST_101,ACC_1039,TRANSFER,2017.7,2026-01-09 22:00:21.621621,SUCCESS,TRAVEL
TXN_10132,CUST_135,ACC_1027,CREDIT,501.53,2026-01-09 23:38:22.702702,SUCCESS,HEALTHCARE
TXN_10133,CUST_137,ACC_1036,DEBIT,2236.58,2026-01-10 01:16:23.783783,SUCCESS,TRAVEL
TXN_10134,CUST_147,ACC_1029,CREDIT,20447.09,2026-01-10 02:54:24.864864,SUCCESS,FOOD
TXN_10135,CUST_114,ACC_1038,TRANSFER,457.83,2026-01-10 04:32:25.945945,SUCCESS,ENTERTAINMENT
TXN_10136,CUST_103,ACC_1033,CREDIT,4292.35,2026-01-10 06:10:27.027027,SUCCESS,ENTERTAINMENT
TXN_10137,CUST_101,ACC_1037,TRANSFER,630.8,2026-01-10 07:48:28.108108,SUCCESS,ENTERTAINMENT
TXN_10138,CUST_105,ACC_1027,TRANSFER,3862.61,2026-01-10 09:26:29.189189,SUCCESS,UTILITIES
TXN_10139,CUST_126,ACC_1033,CREDIT,3366.08,2026-01-10 11:04:30.270270,SUCCESS,SHOPPING
TXN_10140,CUST_114,ACC_1004,CREDIT,943.44,2026-01-10 12:42:31.351351,SUCCESS,TRAVEL
TXN_10141,CUST_139,ACC_1022,DEBIT,1035.66,2026-01-10 14:20:32.432432,SUCCESS,ENTERTAINMENT
TXN_10142,CUST_127,ACC_1002,DEBIT,3981.82,2026-01-10 15:58:33.513513,SUCCESS,FOOD
TXN_10143,CUST_109,ACC_1010,CREDIT,1597.17,2026-01-10 17:36:34.594594,SUCCESS,ENTERTAINMENT
TXN_10144,CUST_115,ACC_1005,DEBIT,3330.92,2026-01-10 19:14:35.675675,SUCCESS,HEALTHCARE
TXN_10145,CUST_115,ACC_1010,TRANSFER,450.38,2026-01-10 20:52:36.756756,SUCCESS,SHOPPING
TXN_10146,CUST_126,ACC_1033,TRANSFER,4835.8,2026-01-10 22:30:37.837837,SUCCESS,SHOPPING
TXN_10147,CUST_142,ACC_1038,CREDIT,3152.32,2026-01-11 00:08:38.918918,PENDING,
TXN_10148,CUST_113,ACC_1013,DEBIT,5986.35,2026-01-11 01:46:40.000000,SUCCESS,UTILITIES
TXN_10149,CUST_132,ACC_1031,DEBIT,404.98,2026-01-11 03:24:41.081081,SUCCESS,TRAVEL
TXN_10150,CUST_139,ACC_1047,DEBIT,2297.44,2026-01-11 05:02:42.162162,SUCCESS,ENTERTAINMENT
TXN_10151,CUST_149,ACC_1036,CREDIT,2335.24,2026-01-11 06:40:43.243243,SUCCESS,HEALTHCARE
TXN_10152,CUST_132,ACC_1045,CREDIT,1140.3,2026-01-11 08:18:44.324324,SUCCESS,FOOD
TXN_10153,CUST_104,ACC_1024,TRANSFER,1583.38,2026-01-11 09:56:45.405405,SUCCESS,TRAVEL
TXN_10154,CUST_130,ACC_1015,DEBIT,146.8,2026-01-11 11:34:46.486486,SUCCESS,UTILITIES
TXN_10155,CUST_137,ACC_1029,TRANSFER,3474.68,2026-01-11 13:12:47.567567,SUCCESS,TRAVEL
TXN_10156,CUST_123,ACC_1008,TRANSFER,2042.51,2026-01-11 14:50:48.648648,SUCCESS,SHOPPING
TXN_10157,CUST_139,ACC_1005,DEBIT,198.69,2026-01-11 16:28:49.729729,SUCCESS,ENTERTAINMENT
TXN_10158,CUST_145,ACC_1029,TRANSFER,2904.5,2026-01-11 18:06:50.810810,SUCCESS,
TXN_10159,CUST_115,ACC_1047,DEBIT,1622.06,2026-01-11 19:44:51.891891,SUCCESS,ENTERTAINMENT
TXN_10160,CUST_143,ACC_1004,DEBIT,137.67,2026-01-11 21:22:52.972972,SUCCESS,ENTERTAINMENT
TXN_10161,CUST_129,ACC_1012,CREDIT,8783.92,2026-01-11 23:00:54.054054,SUCCESS,ENTERTAINMENT
TXN_10162,CUST_136,ACC_1045,DEBIT,7495.33,2026-01-12 00:38:55.135135,SUCCESS,ENTERTAINMENT
TXN_10163,CUST_113,ACC_1002,CREDIT,1848.23,2026-01-12 02:16:56.216216,SUCCESS,FOOD
TXN_10164,CUST_132,ACC_1027,CREDIT,295.89,2026-01-12 03:54:57.297297,SUCCESS,UTILITIES
TXN_10165,CUST_107,ACC_1031,CREDIT,3562.38,2026-01-12 05:32:58.378378,SUCCESS,ENTERTAINMENT
TXN_10166,CUST_122,ACC_1036,DEBIT,1742.85,2026-01-12 07:10:59.459459,FAILED,UTILITIES
TXN_10167,CUST_128,ACC_1036,CREDIT,950.44,2026-01-12 08:49:00.540540,SUCCESS,HEALTHCARE
TXN_10168,CUST_102,ACC_1026,CREDIT,1740.32,2026-01-12 10:27:01.621621,SUCCESS,ENTERTAINMENT
TXN_10169,CUST_142,ACC_1043,CREDIT,1897.69,2026-01-12 12:05:02.702702,SUCCESS,TRAVEL
TXN_10170,CUST_145,ACC_1027,DEBIT,2117.91,2026-01-12 13:43:03.783783,SUCCESS,ENTERTAINMENT
TXN_10171,CUST_106,ACC_1005,DEBIT,1505.02,2026-01-12 15:21:04.864864,SUCCESS,SHOPPING
TXN_10172,CUST_128,ACC_1020,CREDIT,2376.96,2026-01-12 16:59:05.945945,SUCCESS,FOOD
TXN_10173,CUST_128,ACC_1011,DEBIT,6325.09,2026-01-12 18:37:07.027027,SUCCESS,TRAVEL
TXN_10174,CUST_144,ACC_1010,CREDIT,1174.59,2026-01-12 20:15:08.108108,SUCCESS,TRAVEL
TXN_10175,CUST_144,ACC_1040,CREDIT,3283.98,2026-01-12 21:53:09.189189,SUCCESS,SHOPPING
TXN_10176,CUST_120,ACC_1038,CREDIT,5671.49,2026-01-12 23:31:10.270270,SUCCESS,ENTERTAINMENT
TXN_10177,CUST_130,ACC_1006,CREDIT,1571.92,2026-01-13 01:09:11.351351,FAILED,FOOD
TXN_10178,CUST_111,ACC_1008,TRANSFER,1515.02,2026-01-13 02:47:12.432432,SUCCESS,TRAVEL
TXN_10179,CUST_128,ACC_1023,TRANSFER,2353.99,2026-01-13 04:25:13.513513,SUCCESS,FOOD
TXN_10180,CUST_125,ACC_1047,TRANSFER,2287.59,2026-01-13 06:03:14.594594,SUCCESS,TRAVEL
TXN_10181,CUST_139,ACC_1026,TRANSFER,4157.35,2026-01-13 07:41:15.675675,SUCCESS,ENTERTAINMENT
TXN_10182,CUST_133,ACC_1046,DEBIT,1667.97,2026-01-13 09:19:16.756756,SUCCESS,HEALTHCARE
TXN_10183,CUST_101,ACC_1043,DEBIT,13931.7,2026-01-13 10:57:17.837837,SUCCESS,TRAVEL
TXN_10184,CUST_127,ACC_1012,CREDIT,203.28,2026-01-13 12:35:18.918918,SUCCESS,HEALTHCARE
TXN_10185,CUST_113,ACC_1026,DEBIT,57.93,2026-01-13 14:13:20.000000,SUCCESS,TRAVEL
TXN_10186,CUST_141,ACC_1013,DEBIT,2605.51,2026-01-13 15:51:21.081081,SUCCESS,UTILITIES
TXN_10187,CUST_103,ACC_1040,DEBIT,936.1,2026-01-13 17:29:22.162162,SUCCESS,ENTERTAINMENT
TXN_10188,CUST_139,ACC_1018,CREDIT,737.35,2026-01-13 19:07:23.243243,SUCCESS,SHOPPING
TXN_10189,CUST_106,ACC_1025,CREDIT,984.55,2026-01-13 20:45:24.324324,FAILED,HEALTHCARE
TXN_10190,CUST_108,ACC_1033,CREDIT,789.45,2026-01-13 22:23:25.405405,SUCCESS,SHOPPING
TXN_10191,CUST_127,ACC_1047,CREDIT,128.19,2026-01-14 00:01:26.486486,SUCCESS,ENTERTAINMENT
TXN_10192,CUST_109,ACC_1040,TRANSFER,8947.53,2026-01-14 01:39:27.567567,SUCCESS,SHOPPING
TXN_10193,CUST_137,ACC_1043,DEBIT,673.54,2026-01-14 03:17:28.648648,PENDING,ENTERTAINMENT
TXN_10194,CUST_133,ACC_1012,TRANSFER,3360.93,2026-01-14 04:55:29.729729,SUCCESS,SHOPPING
TXN_10195,CUST_142,ACC_1044,DEBIT,3644.98,2026-01-14 06:33:30.810810,SUCCESS,HEALTHCARE
TXN_10196,CUST_144,ACC_1036,TRANSFER,6671.77,2026-01-14 08:11:31.891891,SUCCESS,UTILITIES
TXN_10197,CUST_124,ACC_1048,CREDIT,127.56,2026-01-14 09:49:32.972972,SUCCESS,SHOPPING
TXN_10198,CUST_115,ACC_1004,DEBIT,5190.26,2026-01-14 11:27:34.054054,SUCCESS,HEALTHCARE
TXN_10199,CUST_132,ACC_1005,DEBIT,1922.85,2026-01-14 13:05:35.135135,SUCCESS,TRAVEL
TXN_10200,CUST_132,ACC_1037,DEBIT,2552.88,2026-01-14 14:43:36.216216,PENDING,ENTERTAINMENT
TXN_10201,CUST_124,ACC_1008,DEBIT,2635.37,2026-01-14 16:21:37.297297,SUCCESS,FOOD
TXN_10202,CUST_141,ACC_1042,DEBIT,4334.19,2026-01-14 17:59:38.378378,SUCCESS,FOOD
TXN_10203,CUST_149,ACC_1049,CREDIT,1063.94,2026-01-14 19:37:39.459459,SUCCESS,ENTERTAINMENT
TXN_10204,CUST_149,ACC_1028,CREDIT,3351.75,2026-01-14 21:15:40.540540,SUCCESS,UTILITIES
TXN_10205,CUST_112,ACC_1031,CREDIT,1930.0,2026-01-14 22:53:41.621621,FAILED,SHOPPING
TXN_10206,CUST_139,ACC_1009,TRANSFER,3992.35,2026-01-15 00:31:42.702702,SUCCESS,UTILITIES
TXN_10207,CUST_102,ACC_1029,CREDIT,11703.3,2026-01-15 02:09:43.783783,SUCCESS,FOOD
TXN_10208,CUST_103,ACC_1014,CREDIT,609.89,2026-01-15 03:47:44.864864,SUCCESS,HEALTHCARE
TXN_10209,CUST_149,ACC_1040,DEBIT,13126.01,2026-01-15 05:25:45.945945,SUCCESS,ENTERTAINMENT
TXN_10210,CUST_137,ACC_1041,CREDIT,285.26,2026-01-15 07:03:47.027027,SUCCESS,ENTERTAINMENT
TXN_10211,CUST_149,ACC_1022,DEBIT,55.8,2026-01-15 08:41:48.108108,SUCCESS,UTILITIES
TXN_10212,CUST_117,ACC_1011,TRANSFER,162.92,2026-01-15 10:19:49.189189,SUCCESS,HEALTHCARE
TXN_10213,CUST_149,ACC_1023,TRANSFER,1095.55,2026-01-15 11:57:50.270270,FAILED,UTILITIES
TXN_10214,CUST_102,ACC_1001,CREDIT,2555.35,2026-01-15 13:35:51.351351,SUCCESS,SHOPPING
TXN_10215,CUST_102,ACC_1046,DEBIT,228.82,2026-01-15 15:13:52.432432,FAILED,TRAVEL
TXN_10216,CUST_128,ACC_1037,TRANSFER,64.2,2026-01-15 16:51:53.513513,SUCCESS,HEALTHCARE
TXN_10217,CUST_123,ACC_1021,CREDIT,6965.17,2026-01-15 18:29:54.594594,SUCCESS,TRAVEL
TXN_10218,CUST_137,ACC_1026,DEBIT,4363.9,2026-01-15 20:07:55.675675,SUCCESS,SHOPPING
TXN_10219,CUST_132,ACC_1046,DEBIT,4191.1,2026-01-15 21:45:56.756756,SUCCESS,TRAVEL
TXN_10220,CUST_133,ACC_1036,CREDIT,5444.57,2026-01-15 23:23:57.837837,SUCCESS,FOOD
TXN_10221,CUST_101,ACC_1023,DEBIT,3060.22,2026-01-16 01:01:58.918918,SUCCESS,TRAVEL
TXN_10222,CUST_119,ACC_1001,TRANSFER,325.67,2026-01-16 02:40:00.000000,SUCCESS,SHOPPING
TXN_10223,CUST_102,ACC_1040,DEBIT,1323.32,2026-01-16 04:18:01.081081,SUCCESS,TRAVEL
TXN_10224,CUST_144,ACC_1015,DEBIT,3260.69,2026-01-16 05:56:02.162162,SUCCESS,ENTERTAINMENT
TXN_10225,CUST_126,ACC_1021,TRANSFER,872.42,2026-01-16 07:34:03.243243,SUCCESS,UTILITIES
TXN_10226,CUST_132,ACC_1047,DEBIT,2957.13,2026-01-16 09:12:04.324324,SUCCESS,FOOD
TXN_10227,CUST_106,ACC_1009,CREDIT,112.01,2026-01-16 10:50:05.405405,SUCCESS,ENTERTAINMENT
TXN_10228,CUST_132,ACC_1009,DEBIT,963.7,2026-01-16 12:28:06.486486,SUCCESS,ENTERTAINMENT
TXN_10229,CUST_104,ACC_1010,DEBIT,2041.44,2026-01-16 14:06:07.567567,SUCCESS,SHOPPING
TXN_10230,CUST_111,ACC_1026,CREDIT,,2026-01-16 15:44:08.648648,SUCCESS,UTILITIES
TXN_10231,CUST_117,ACC_1041,CREDIT,2201.2,2026-01-16 17:22:09.729729,SUCCESS,UTILITIES
TXN_10232,CUST_138,ACC_1035,CREDIT,3041.3,2026-01-16 19:00:10.810810,SUCCESS,HEALTHCARE
TXN_10233,CUST_124,ACC_1025,CREDIT,65.27,2026-01-16 20:38:11.891891,SUCCESS,FOOD
TXN_10234,CUST_105,ACC_1026,CREDIT,316.02,2026-01-16 22:16:12.972972,SUCCESS,SHOPPING
TXN_10235,CUST_134,ACC_1011,DEBIT,5130.33,2026-01-16 23:54:14.054054,SUCCESS,FOOD
TXN_10236,CUST_106,ACC_1038,DEBIT,2912.28,2026-01-17 01:32:15.135135,SUCCESS,HEALTHCARE
TXN_10237,CUST_122,ACC_1002,TRANSFER,349.58,2026-01-17 03:10:16.216216,FAILED,TRAVEL
TXN_10238,CUST_111,ACC_1007,CREDIT,4664.08,2026-01-17 04:48:17.297297,SUCCESS,ENTERTAINMENT
TXN_10239,CUST_148,ACC_1018,CREDIT,743.44,2026-01-17 06:26:18.378378,SUCCESS,FOOD
TXN_10240,CUST_116,ACC_1027,DEBIT,1676.46,2026-01-17 08:04:19.459459,SUCCESS,ENTERTAINMENT
TXN_10241,CUST_133,ACC_1034,DEBIT,442.21,2026-01-17 09:42:20.540540,SUCCESS,SHOPPING
TXN_10242,CUST_109,ACC_1027,CREDIT,3145.63,2026-01-17 11:20:21.621621,SUCCESS,TRAVEL
TXN_10243,CUST_106,ACC_1017,TRANSFER,2797.94,2026-01-17 12:58:22.702702,SUCCESS,SHOPPING
TXN_10244,CUST_116,ACC_1043,CREDIT,642.83,2026-01-17 14:36:23.783783,SUCCESS,TRAVEL
TXN_10245,CUST_129,ACC_1044,TRANSFER,5026.76,2026-01-17 16:14:24.864864,FAILED,TRAVEL
TXN_10246,CUST_103,ACC_1024,CREDIT,1332.51,2026-01-17 17:52:25.945945,SUCCESS,ENTERTAINMENT
TXN_10247,CUST_120,ACC_1025,DEBIT,915.1,2026-01-17 19:30:27.027027,SUCCESS,SHOPPING
TXN_10248,CUST_136,ACC_1007,DEBIT,463.16,2026-01-17 21:08:28.108108,SUCCESS,SHOPPING
TXN_10249,CUST_119,ACC_1006,DEBIT,823.69,2026-01-17 22:46:29.189189,SUCCESS,FOOD
TXN_10250,CUST_126,ACC_1024,DEBIT,105.68,2026-01-18 00:24:30.270270,SUCCESS,SHOPPING
TXN_10251,CUST_103,ACC_1033,TRANSFER,2238.22,2026-01-18 02:02:31.351351,SUCCESS,FOOD
TXN_10252,CUST_119,ACC_1049,DEBIT,4666.55,2026-01-18 03:40:32.432432,SUCCESS,UTILITIES
TXN_10253,CUST_120,ACC_1029,CREDIT,2040.61,2026-01-18 05:18:33.513513,SUCCESS,UTILITIES
TXN_10254,CUST_132,ACC_1043,DEBIT,668.83,2026-01-18 06:56:34.594594,SUCCESS,UTILITIES
TXN_10255,CUST_107,ACC_1022,DEBIT,135.62,2026-01-18 08:34:35.675675,FAILED,HEALTHCARE
TXN_10256,CUST_141,ACC_1026,DEBIT,653.99,2026-01-18 10:12:36.756756,SUCCESS,SHOPPING
TXN_10257,CUST_133,ACC_1028,DEBIT,1395.16,2026-01-18 11:50:37.837837,SUCCESS,HEALTHCARE
TXN_10258,CUST_140,ACC_1021,CREDIT,3613.75,2026-01-18 13:28:38.918918,PENDING,SHOPPING
TXN_10259,CUST_139,ACC_1049,DEBIT,570.15,2026-01-18 15:06:40.000000,SUCCESS,FOOD
TXN_10260,CUST_118,ACC_1007,CREDIT,3230.55,2026-01-18 16:44:41.081081,SUCCESS,HEALTHCARE
TXN_10261,CUST_140,ACC_1017,DEBIT,5092.27,2026-01-18 18:22:42.162162,SUCCESS,HEALTHCARE
TXN_10262,CUST_101,ACC_1020,DEBIT,1562.6,2026-01-18 20:00:43.243243,SUCCESS,HEALTHCARE
TXN_10263,CUST_111,ACC_1041,DEBIT,4356.96,2026-01-18 21:38:44.324324,SUCCESS,TRAVEL
TXN_10264,CUST_128,ACC_1049,CREDIT,2072.28,2026-01-18 23:16:45.405405,SUCCESS,FOOD
TXN_10265,CUST_125,ACC_1020,CREDIT,2584.01,2026-01-19 00:54:46.486486,FAILED,UTILITIES
TXN_10266,CUST_123,ACC_1022,DEBIT,1917.84,2026-01-19 02:32:47.567567,SUCCESS,FOOD
TXN_10267,CUST_131,ACC_1028,DEBIT,1605.2,2026-01-19 04:10:48.648648,SUCCESS,TRAVEL
TXN_10268,CUST_130,ACC_1040,CREDIT,718.57,2026-01-19 05:48:49.729729,SUCCESS,SHOPPING
TXN_10269,CUST_142,ACC_1049,DEBIT,953.12,2026-01-19 07:26:50.810810,FAILED,FOOD
TXN_10270,CUST_135,ACC_1007,DEBIT,906.12,2026-01-19 09:04:51.891891,SUCCESS,HEALTHCARE
TXN_10271,CUST_107,ACC_1001,TRANSFER,2121.21,2026-01-19 10:42:52.972972,PENDING,UTILITIES
TXN_10272,CUST_116,ACC_1032,CREDIT,369.45,2026-01-19 12:20:54.054054,SUCCESS,UTILITIES
TXN_10273,CUST_126,ACC_1013,DEBIT,6266.02,2026-01-19 13:58:55.135135,SUCCESS,SHOPPING
TXN_10274,CUST_148,ACC_1030,TRANSFER,3238.27,2026-01-19 15:36:56.216216,SUCCESS,FOOD
TXN_10275,CUST_149,ACC_1023,CREDIT,1333.09,2026-01-19 17:14:57.297297,SUCCESS,TRAVEL
TXN_10276,CUST_102,ACC_1019,DEBIT,481.79,2026-01-19 18:52:58.378378,SUCCESS,
TXN_10277,CUST_101,ACC_1032,CREDIT,5392.51,2026-01-19 20:30:59.459459,SUCCESS,FOOD
TXN_10278,CUST_148,ACC_1030,CREDIT,4390.03,2026-01-19 22:09:00.540540,SUCCESS,ENTERTAINMENT
TXN_10279,CUST_112,ACC_1029,DEBIT,3247.83,2026-01-19 23:47:01.621621,SUCCESS,UTILITIES
TXN_10280,CUST_105,ACC_1049,DEBIT,842.08,2026-01-20 01:25:02.702702,SUCCESS,TRAVEL
TXN_10281,CUST_137,ACC_1045,DEBIT,1337.28,2026-01-20 03:03:03.783783,FAILED,HEALTHCARE
TXN_10282,CUST_132,ACC_1029,CREDIT,321.05,2026-01-20 04:41:04.864864,SUCCESS,TRAVEL
TXN_10283,CUST_109,ACC_1030,DEBIT,573.84,2026-01-20 06:19:05.945945,SUCCESS,HEALTHCARE
TXN_10284,CUST_141,ACC_1016,TRANSFER,3869.84,2026-01-20 07:57:07.027027,SUCCESS,TRAVEL
TXN_10285,CUST_135,ACC_1040,CREDIT,3188.5,2026-01-20 09:35:08.108108,SUCCESS,UTILITIES
TXN_10286,CUST_119,ACC_1019,DEBIT,2300.34,2026-01-20 11:13:09.189189,SUCCESS,HEALTHCARE
TXN_10287,CUST_148,ACC_1018,CREDIT,5701.85,2026-01-20 12:51:10.270270,SUCCESS,FOOD
TXN_10288,CUST_116,ACC_1001,DEBIT,2238.27,2026-01-20 14:29:11.351351,SUCCESS,HEALTHCARE
TXN_10289,CUST_103,ACC_1014,CREDIT,1622.93,2026-01-20 16:07:12.432432,SUCCESS,SHOPPING
TXN_10290,CUST_120,ACC_1047,CREDIT,1090.19,2026-01-20 17:45:13.513513,SUCCESS,FOOD
TXN_10291,CUST_124,ACC_1002,DEBIT,7102.28,2026-01-20 19:23:14.594594,SUCCESS,SHOPPING
TXN_10292,CUST_133,ACC_1028,DEBIT,265.84,2026-01-20 21:01:15.675675,SUCCESS,TRAVEL
TXN_10293,CUST_124,ACC_1049,DEBIT,6730.04,2026-01-20 22:39:16.756756,SUCCESS,FOOD
TXN_10294,CUST_111,ACC_1030,DEBIT,4432.04,2026-01-21 00:17:17.837837,SUCCESS,TRAVEL
TXN_10295,CUST_149,ACC_1038,DEBIT,397.95,2026-01-21 01:55:18.918918,SUCCESS,ENTERTAINMENT
TXN_10296,CUST_108,ACC_1004,DEBIT,2130.93,2026-01-21 03:33:20.000000,SUCCESS,TRAVEL
TXN_10297,CUST_136,ACC_1001,TRANSFER,5085.03,2026-01-21 05:11:21.081081,FAILED,TRAVEL
TXN_10298,CUST_138,ACC_1008,DEBIT,2170.47,2026-01-21 06:49:22.162162,SUCCESS,SHOPPING
TXN_10299,CUST_140,ACC_1029,DEBIT,5993.27,2026-01-21 08:27:23.243243,SUCCESS,HEALTHCARE
TXN_10300,CUST_120,ACC_1039,CREDIT,87961.45,2026-01-21 10:05:24.324324,SUCCESS,ENTERTAINMENT
TXN_10301,CUST_135,ACC_1003,DEBIT,1422.12,2026-01-21 11:43:25.405405,SUCCESS,TRAVEL
TXN_10302,CUST_148,ACC_1032,TRANSFER,1234.28,2026-01-21 13:21:26.486486,SUCCESS,TRAVEL
TXN_10303,CUST_125,ACC_1010,CREDIT,6934.76,2026-01-21 14:59:27.567567,SUCCESS,ENTERTAINMENT
TXN_10304,CUST_135,ACC_1010,CREDIT,2860.9,2026-01-21 16:37:28.648648,SUCCESS,ENTERTAINMENT
TXN_10305,CUST_125,ACC_1019,DEBIT,358.31,2026-01-21 18:15:29.729729,SUCCESS,FOOD
TXN_10306,CUST_129,ACC_1046,DEBIT,158.03,2026-01-21 19:53:30.810810,SUCCESS,SHOPPING
TXN_10307,CUST_118,ACC_1034,DEBIT,2128.89,2026-01-21 21:31:31.891891,SUCCESS,ENTERTAINMENT
TXN_10308,CUST_146,ACC_1033,TRANSFER,6704.26,2026-01-21 23:09:32.972972,SUCCESS,ENTERTAINMENT
TXN_10309,CUST_118,ACC_1023,DEBIT,4698.74,2026-01-22 00:47:34.054054,SUCCESS,UTILITIES
TXN_10310,CUST_102,ACC_1028,DEBIT,2866.35,2026-01-22 02:25:35.135135,SUCCESS,HEALTHCARE
TXN_10311,CUST_135,ACC_1032,TRANSFER,424.49,2026-01-22 04:03:36.216216,SUCCESS,ENTERTAINMENT
TXN_10312,CUST_116,ACC_1007,DEBIT,783.35,2026-01-22 05:41:37.297297,SUCCESS,SHOPPING
TXN_10313,CUST_141,ACC_1029,DEBIT,5258.85,2026-01-22 07:19:38.378378,SUCCESS,HEALTHCARE
TXN_10314,CUST_136,ACC_1008,DEBIT,554.7,2026-01-22 08:57:39.459459,SUCCESS,HEALTHCARE
TXN_10315,CUST_133,ACC_1001,TRANSFER,865.85,2026-01-22 10:35:40.540540,SUCCESS,TRAVEL
TXN_10316,CUST_104,ACC_1003,DEBIT,397.01,2026-01-22 12:13:41.621621,SUCCESS,TRAVEL
TXN_10317,CUST_133,ACC_1024,CREDIT,2868.36,2026-01-22 13:51:42.702702,SUCCESS,TRAVEL
TXN_10318,CUST_114,ACC_1023,CREDIT,7255.22,2026-01-22 15:29:43.783783,SUCCESS,TRAVEL
TXN_10319,CUST_121,ACC_1008,DEBIT,833.25,2026-01-22 17:07:44.864864,SUCCESS,UTILITIES
TXN_10320,CUST_148,ACC_1047,CREDIT,1662.83,2026-01-22 18:45:45.945945,SUCCESS,ENTERTAINMENT
TXN_10321,CUST_120,ACC_1037,DEBIT,2565.13,2026-01-22 20:23:47.027027,SUCCESS,TRAVEL
TXN_10322,CUST_108,ACC_1003,DEBIT,18888.95,2026-01-22 22:01:48.108108,SUCCESS,FOOD
TXN_10323,CUST_107,ACC_1033,CREDIT,326.79,2026-01-22 23:39:49.189189,SUCCESS,TRAVEL
TXN_10324,CUST_103,ACC_1028,TRANSFER,1775.73,2026-01-23 01:17:50.270270,SUCCESS,ENTERTAINMENT
TXN_10325,CUST_117,ACC_1047,CREDIT,1265.82,2026-01-23 02:55:51.351351,SUCCESS,TRAVEL
TXN_10326,CUST_133,ACC_1008,CREDIT,5071.44,2026-01-23 04:33:52.432432,SUCCESS,UTILITIES
TXN_10327,CUST_148,ACC_1034,DEBIT,1665.51,2026-01-23 06:11:53.513513,SUCCESS,SHOPPING
TXN_10328,CUST_112,ACC_1035,DEBIT,344.08,2026-01-23 07:49:54.594594,SUCCESS,SHOPPING
TXN_10329,CUST_122,ACC_1032,DEBIT,117935.97,2026-01-23 09:27:55.675675,SUCCESS,ENTERTAINMENT
TXN_10330,CUST_122,ACC_1024,DEBIT,3732.69,2026-01-23 11:05:56.756756,FAILED,SHOPPING
TXN_10331,CUST_146,ACC_1014,DEBIT,57.21,2026-01-23 12:43:57.837837,SUCCESS,SHOPPING
TXN_10332,CUST_130,ACC_1032,DEBIT,4946.72,2026-01-23 14:21:58.918918,SUCCESS,FOOD
TXN_10333,CUST_138,ACC_1046,DEBIT,95476.74,2026-01-23 16:00:00.000000,SUCCESS,ENTERTAINMENT
TXN_10334,CUST_138,ACC_1043,DEBIT,107063.07,2026-01-23 17:38:01.081081,SUCCESS,ENTERTAINMENT
TXN_10335,CUST_145,ACC_1016,CREDIT,1393.77,2026-01-23 19:16:02.162162,SUCCESS,SHOPPING
TXN_10336,CUST_108,ACC_1004,TRANSFER,3229.33,2026-01-23 20:54:03.243243,SUCCESS,SHOPPING
TXN_10337,CUST_127,ACC_1037,DEBIT,1209.7,2026-01-23 22:32:04.324324,SUCCESS,SHOPPING
TXN_10338,CUST_127,ACC_1021,TRANSFER,5146.0,2026-01-24 00:10:05.405405,FAILED,HEALTHCARE
TXN_10339,CUST_134,ACC_1014,TRANSFER,3327.93,2026-01-24 01:48:06.486486,SUCCESS,UTILITIES
TXN_10340,CUST_121,ACC_1031,DEBIT,2658.27,2026-01-24 03:26:07.567567,SUCCESS,TRAVEL
TXN_10341,CUST_130,ACC_1048,CREDIT,4027.04,2026-01-24 05:04:08.648648,SUCCESS,UTILITIES
TXN_10342,CUST_133,ACC_1018,CREDIT,3556.29,2026-01-24 06:42:09.729729,SUCCESS,ENTERTAINMENT
TXN_10343,CUST_128,ACC_1007,CREDIT,141.5,2026-01-24 08:20:10.810810,SUCCESS,FOOD
TXN_10344,CUST_147,ACC_1010,DEBIT,1305.22,2026-01-24 09:58:11.891891,SUCCESS,TRAVEL
TXN_10345,CUST_133,ACC_1007,CREDIT,6727.15,2026-01-24 11:36:12.972972,SUCCESS,FOOD
TXN_10346,CUST_105,ACC_1033,DEBIT,385.9,2026-01-24 13:14:14.054054,SUCCESS,HEALTHCARE
TXN_10347,CUST_148,ACC_1023,CREDIT,3389.92,2026-01-24 14:52:15.135135,SUCCESS,ENTERTAINMENT
TXN_10348,CUST_119,ACC_1021,CREDIT,9231.71,2026-01-24 16:30:16.216216,PENDING,HEALTHCARE
TXN_10349,CUST_104,ACC_1019,CREDIT,184.03,2026-01-24 18:08:17.297297,SUCCESS,ENTERTAINMENT
TXN_10350,CUST_135,ACC_1048,CREDIT,2915.78,2026-01-24 19:46:18.378378,FAILED,FOOD
TXN_10351,CUST_149,ACC_1019,CREDIT,1628.5,2026-01-24 21:24:19.459459,SUCCESS,FOOD
TXN_10352,CUST_117,ACC_1036,DEBIT,2213.85,2026-01-24 23:02:20.540540,SUCCESS,FOOD
TXN_10353,CUST_144,ACC_1029,DEBIT,273.01,2026-01-25 00:40:21.621621,SUCCESS,ENTERTAINMENT
TXN_10354,CUST_128,ACC_1018,TRANSFER,159.9,2026-01-25 02:18:22.702702,SUCCESS,SHOPPING
TXN_10355,CUST_130,ACC_1002,DEBIT,2798.03,2026-01-25 03:56:23.783783,SUCCESS,FOOD
TXN_10356,CUST_129,ACC_1001,DEBIT,4383.39,2026-01-25 05:34:24.864864,SUCCESS,HEALTHCARE
TXN_10357,CUST_146,ACC_1047,DEBIT,3858.33,2026-01-25 07:12:25.945945,SUCCESS,TRAVEL
TXN_10358,CUST_106,ACC_1005,DEBIT,2012.09,2026-01-25 08:50:27.027027,SUCCESS,ENTERTAINMENT
TXN_10359,CUST_135,ACC_1020,TRANSFER,313.03,2026-01-25 10:28:28.108108,SUCCESS,HEALTHCARE
TXN_10360,CUST_141,ACC_1011,CREDIT,,2026-01-25 12:06:29.189189,SUCCESS,UTILITIES
TXN_10361,CUST_137,ACC_1042,TRANSFER,742.31,2026-01-25 13:44:30.270270,SUCCESS,UTILITIES
TXN_10362,CUST_124,ACC_1002,CREDIT,6099.73,2026-01-25 15:22:31.351351,SUCCESS,TRAVEL
TXN_10363,CUST_129,ACC_1003,DEBIT,4604.5,2026-01-25 17:00:32.432432,SUCCESS,SHOPPING
TXN_10364,CUST_149,ACC_1023,DEBIT,3139.37,2026-01-25 18:38:33.513513,SUCCESS,FOOD
TXN_10365,CUST_146,ACC_1012,CREDIT,7482.28,2026-01-25 20:16:34.594594,FAILED,ENTERTAINMENT
TXN_10366,CUST_131,ACC_1020,DEBIT,129.82,2026-01-25 21:54:35.675675,SUCCESS,HEALTHCARE
TXN_10367,CUST_135,ACC_1005,TRANSFER,3381.41,2026-01-25 23:32:36.756756,SUCCESS,FOOD
TXN_10368,CUST_133,ACC_1037,TRANSFER,1052.1,2026-01-26 01:10:37.837837,SUCCESS,HEALTHCARE
TXN_10369,CUST_121,ACC_1038,DEBIT,5962.9,2026-01-26 02:48:38.918918,SUCCESS,ENTERTAINMENT
TXN_10370,CUST_132,ACC_1030,TRANSFER,825.42,2026-01-26 04:26:40.000000,SUCCESS,UTILITIES
TXN_10371,CUST_123,ACC_1009,TRANSFER,3276.16,2026-01-26 06:04:41.081081,SUCCESS,FOOD
TXN_10372,CUST_133,ACC_1034,CREDIT,5302.11,2026-01-26 07:42:42.162162,SUCCESS,TRAVEL
TXN_10373,CUST_103,ACC_1044,DEBIT,156.37,2026-01-26 09:20:43.243243,SUCCESS,SHOPPING
TXN_10374,CUST_118,ACC_1035,DEBIT,1317.28,2026-01-26 10:58:44.324324,SUCCESS,TRAVEL
TXN_10375,CUST_125,ACC_1022,CREDIT,3641.96,2026-01-26 12:36:45.405405,SUCCESS,SHOPPING
TXN_10376,CUST_142,ACC_1044,DEBIT,1567.05,2026-01-26 14:14:46.486486,SUCCESS,HEALTHCARE
TXN_10377,CUST_131,ACC_1024,DEBIT,827.39,2026-01-26 15:52:47.567567,FAILED,FOOD
TXN_10378,CUST_103,ACC_1017,CREDIT,670.53,2026-01-26 17:30:48.648648,SUCCESS,FOOD
TXN_10379,CUST_140,ACC_1010,DEBIT,402.52,2026-01-26 19:08:49.729729,SUCCESS,SHOPPING
TXN_10380,CUST_146,ACC_1030,CREDIT,4914.54,2026-01-26 20:46:50.810810,SUCCESS,UTILITIES
TXN_10381,CUST_124,ACC_1046,TRANSFER,2191.26,2026-01-26 22:24:51.891891,SUCCESS,ENTERTAINMENT
TXN_10382,CUST_132,ACC_1023,TRANSFER,248.65,2026-01-27 00:02:52.972972,PENDING,TRAVEL
TXN_10383,CUST_147,ACC_1032,DEBIT,1255.52,2026-01-27 01:40:54.054054,SUCCESS,HEALTHCARE
TXN_10384,CUST_122,ACC_1017,TRANSFER,1196.11,2026-01-27 03:18:55.135135,SUCCESS,TRAVEL
TXN_10385,CUST_123,ACC_1017,DEBIT,551.44,2026-01-27 04:56:56.216216,SUCCESS,TRAVEL
TXN_10386,CUST_102,ACC_1014,DEBIT,1479.57,2026-01-27 06:34:57.297297,SUCCESS,HEALTHCARE
TXN_10387,CUST_127,ACC_1009,CREDIT,1059.04,2026-01-27 08:12:58.378378,SUCCESS,HEALTHCARE
TXN_10388,CUST_142,ACC_1040,DEBIT,1095.63,2026-01-27 09:50:59.459459,SUCCESS,FOOD
TXN_10389,CUST_102,ACC_1002,DEBIT,3408.34,2026-01-27 11:29:00.540540,PENDING,TRAVEL
TXN_10390,CUST_126,ACC_1045,CREDIT,681.63,2026-01-27 13:07:01.621621,SUCCESS,ENTERTAINMENT
TXN_10391,CUST_117,ACC_1025,DEBIT,2617.08,2026-01-27 14:45:02.702702,SUCCESS,ENTERTAINMENT
TXN_10392,CUST_140,ACC_1039,DEBIT,2163.7,2026-01-27 16:23:03.783783,SUCCESS,SHOPPING
TXN_10393,CUST_133,ACC_1009,DEBIT,2148.86,2026-01-27 18:01:04.864864,SUCCESS,HEALTHCARE
TXN_10394,CUST_109,ACC_1022,CREDIT,2769.24,2026-01-27 19:39:05.945945,SUCCESS,FOOD
TXN_10395,CUST_143,ACC_1043,CREDIT,2037.3,2026-01-27 21:17:07.027027,SUCCESS,ENTERTAINMENT
TXN_10396,CUST_148,ACC_1046,DEBIT,5335.19,2026-01-27 22:55:08.108108,SUCCESS,UTILITIES
TXN_10397,CUST_139,ACC_1004,DEBIT,2864.29,2026-01-28 00:33:09.189189,SUCCESS,FOOD
TXN_10398,CUST_129,ACC_1026,DEBIT,2029.46,2026-01-28 02:11:10.270270,SUCCESS,FOOD
TXN_10399,CUST_142,ACC_1029,DEBIT,4476.41,2026-01-28 03:49:11.351351,SUCCESS,ENTERTAINMENT
TXN_10400,CUST_126,ACC_1045,CREDIT,2379.44,2026-01-28 05:27:12.432432,SUCCESS,UTILITIES
TXN_10401,CUST_135,ACC_1034,DEBIT,910.26,2026-01-28 07:05:13.513513,SUCCESS,SHOPPING
TXN_10402,CUST_125,ACC_1023,DEBIT,630.13,2026-01-28 08:43:14.594594,SUCCESS,ENTERTAINMENT
TXN_10403,CUST_124,ACC_1037,CREDIT,463.15,2026-01-28 10:21:15.675675,SUCCESS,UTILITIES
TXN_10404,CUST_113,ACC_1011,CREDIT,5792.88,2026-01-28 11:59:16.756756,SUCCESS,FOOD
TXN_10405,CUST_107,ACC_1006,CREDIT,3145.85,2026-01-28 13:37:17.837837,SUCCESS,UTILITIES
TXN_10406,CUST_136,ACC_1018,DEBIT,6976.61,2026-01-28 15:15:18.918918,PENDING,FOOD
TXN_10407,CUST_145,ACC_1021,DEBIT,2361.39,2026-01-28 16:53:20.000000,SUCCESS,ENTERTAINMENT
TXN_10408,CUST_120,ACC_1042,DEBIT,1653.29,2026-01-28 18:31:21.081081,SUCCESS,HEALTHCARE
TXN_10409,CUST_101,ACC_1036,DEBIT,203.93,2026-01-28 20:09:22.162162,SUCCESS,ENTERTAINMENT
TXN_10410,CUST_108,ACC_1041,CREDIT,2834.13,2026-01-28 21:47:23.243243,SUCCESS,TRAVEL
TXN_10411,CUST_146,ACC_1038,TRANSFER,2231.93,2026-01-28 23:25:24.324324,SUCCESS,TRAVEL
TXN_10412,CUST_116,ACC_1034,CREDIT,11615.7,2026-01-29 01:03:25.405405,FAILED,TRAVEL
TXN_10413,CUST_114,ACC_1017,CREDIT,733.33,2026-01-29 02:41:26.486486,SUCCESS,ENTERTAINMENT
TXN_10414,CUST_112,ACC_1037,DEBIT,1941.48,2026-01-29 04:19:27.567567,FAILED,SHOPPING
TXN_10415,CUST_123,ACC_1025,CREDIT,2681.4,2026-01-29 05:57:28.648648,PENDING,ENTERTAINMENT
TXN_10416,CUST_115,ACC_1038,DEBIT,2636.22,2026-01-29 07:35:29.729729,SUCCESS,HEALTHCARE
TXN_10417,CUST_128,ACC_1012,CREDIT,2109.81,2026-01-29 09:13:30.810810,SUCCESS,UTILITIES
TXN_10418,CUST_134,ACC_1023,DEBIT,3800.65,2026-01-29 10:51:31.891891,SUCCESS,ENTERTAINMENT
TXN_10419,CUST_102,ACC_1042,DEBIT,623.47,2026-01-29 12:29:32.972972,SUCCESS,ENTERTAINMENT
TXN_10420,CUST_132,ACC_1022,DEBIT,3283.17,2026-01-29 14:07:34.054054,SUCCESS,FOOD
TXN_10421,CUST_123,ACC_1021,TRANSFER,2467.21,2026-01-29 15:45:35.135135,SUCCESS,FOOD
TXN_10422,CUST_122,ACC_1027,DEBIT,5710.22,2026-01-29 17:23:36.216216,SUCCESS,FOOD
TXN_10423,CUST_125,ACC_1031,DEBIT,4746.47,2026-01-29 19:01:37.297297,SUCCESS,ENTERTAINMENT
TXN_10424,CUST_122,ACC_1006,DEBIT,996.38,2026-01-29 20:39:38.378378,SUCCESS,SHOPPING
TXN_10425,CUST_122,ACC_1027,CREDIT,858.23,2026-01-29 22:17:39.459459,SUCCESS,UTILITIES
TXN_10426,CUST_149,ACC_1040,CREDIT,10045.77,2026-01-29 23:55:40.540540,SUCCESS,UTILITIES
TXN_10427,CUST_142,ACC_1034,CREDIT,1923.05,2026-01-30 01:33:41.621621,SUCCESS,HEALTHCARE
TXN_10428,CUST_106,ACC_1012,DEBIT,5972.37,2026-01-30 03:11:42.702702,SUCCESS,SHOPPING
TXN_10429,CUST_115,ACC_1045,CREDIT,497.46,2026-01-30 04:49:43.783783,SUCCESS,SHOPPING
TXN_10430,CUST_143,ACC_1007,DEBIT,2623.78,2026-01-30 06:27:44.864864,SUCCESS,UTILITIES
TXN_10431,CUST_137,ACC_1010,TRANSFER,4199.99,2026-01-30 08:05:45.945945,SUCCESS,TRAVEL
TXN_10432,CUST_133,ACC_1045,CREDIT,7412.37,2026-01-30 09:43:47.027027,SUCCESS,FOOD
TXN_10433,CUST_108,ACC_1017,DEBIT,1078.73,2026-01-30 11:21:48.108108,SUCCESS,FOOD
TXN_10434,CUST_144,ACC_1026,DEBIT,3277.29,2026-01-30 12:59:49.189189,SUCCESS,UTILITIES
TXN_10435,CUST_144,ACC_1021,DEBIT,1984.88,2026-01-30 14:37:50.270270,SUCCESS,SHOPPING
TXN_10436,CUST_105,ACC_1028,DEBIT,206.36,2026-01-30 16:15:51.351351,SUCCESS,HEALTHCARE
TXN_10437,CUST_139,ACC_1046,DEBIT,2977.96,2026-01-30 17:53:52.432432,SUCCESS,TRAVEL
TXN_10438,CUST_104,ACC_1002,CREDIT,2978.74,2026-01-30 19:31:53.513513,SUCCESS,
TXN_10439,CUST_106,ACC_1043,DEBIT,6719.92,2026-01-30 21:09:54.594594,SUCCESS,FOOD
TXN_10440,CUST_145,ACC_1001,DEBIT,1769.47,2026-01-30 22:47:55.675675,SUCCESS,ENTERTAINMENT
TXN_10441,CUST_132,ACC_1036,DEBIT,704.23,2026-01-31 00:25:56.756756,SUCCESS,SHOPPING
TXN_10442,CUST_130,ACC_1026,DEBIT,163.97,2026-01-31 02:03:57.837837,SUCCESS,ENTERTAINMENT
TXN_10443,CUST_147,ACC_1029,TRANSFER,1393.1,2026-01-31 03:41:58.918918,SUCCESS,HEALTHCARE
TXN_10444,CUST_135,ACC_1021,DEBIT,948.54,2026-01-31 05:20:00.000000,SUCCESS,UTILITIES
TXN_10445,CUST_140,ACC_1011,CREDIT,3629.15,2026-01-31 06:58:01.081081,SUCCESS,FOOD
TXN_10446,CUST_116,ACC_1040,TRANSFER,1143.43,2026-01-31 08:36:02.162162,SUCCESS,TRAVEL
TXN_10447,CUST_113,ACC_1011,CREDIT,7493.32,2026-01-31 10:14:03.243243,SUCCESS,ENTERTAINMENT
TXN_10448,CUST_142,ACC_1036,TRANSFER,8245.91,2026-01-31 11:52:04.324324,SUCCESS,TRAVEL
TXN_10449,CUST_130,ACC_1049,DEBIT,2474.94,2026-01-31 13:30:05.405405,SUCCESS,HEALTHCARE
TXN_10450,CUST_119,ACC_1039,TRANSFER,6650.76,2026-01-31 15:08:06.486486,SUCCESS,FOOD
TXN_10451,CUST_117,ACC_1040,DEBIT,3626.71,2026-01-31 16:46:07.567567,SUCCESS,ENTERTAINMENT
TXN_10452,CUST_119,ACC_1035,DEBIT,2028.88,2026-01-31 18:24:08.648648,SUCCESS,HEALTHCARE
TXN_10453,CUST_128,ACC_1034,CREDIT,547.07,2026-01-31 20:02:09.729729,FAILED,TRAVEL
TXN_10454,CUST_126,ACC_1047,TRANSFER,1583.98,2026-01-31 21:40:10.810810,SUCCESS,TRAVEL
TXN_10455,CUST_137,ACC_1024,TRANSFER,2107.42,2026-01-31 23:18:11.891891,SUCCESS,ENTERTAINMENT
TXN_10456,CUST_126,ACC_1022,DEBIT,5037.04,2026-02-01 00:56:12.972972,SUCCESS,FOOD
TXN_10457,CUST_123,ACC_1005,DEBIT,1691.23,2026-02-01 02:34:14.054054,SUCCESS,TRAVEL
TXN_10458,CUST_109,ACC_1033,TRANSFER,5749.0,2026-02-01 04:12:15.135135,SUCCESS,UTILITIES
TXN_10459,CUST_112,ACC_1036,DEBIT,2854.82,2026-02-01 05:50:16.216216,SUCCESS,HEALTHCARE
TXN_10460,CUST_101,ACC_1047,CREDIT,418.35,2026-02-01 07:28:17.297297,SUCCESS,ENTERTAINMENT
TXN_10461,CUST_101,ACC_1020,TRANSFER,13286.5,2026-02-01 09:06:18.378378,FAILED,SHOPPING
TXN_10462,CUST_147,ACC_1019,DEBIT,1922.88,2026-02-01 10:44:19.459459,SUCCESS,SHOPPING
TXN_10463,CUST_134,ACC_1035,DEBIT,1293.37,2026-02-01 12:22:20.540540,SUCCESS,FOOD
TXN_10464,CUST_132,ACC_1043,DEBIT,2740.52,2026-02-01 14:00:21.621621,SUCCESS,UTILITIES
TXN_10465,CUST_148,ACC_1017,DEBIT,338.23,2026-02-01 15:38:22.702702,SUCCESS,TRAVEL
TXN_10466,CUST_125,ACC_1045,TRANSFER,2580.21,2026-02-01 17:16:23.783783,FAILED,SHOPPING
TXN_10467,CUST_140,ACC_1043,DEBIT,1774.06,2026-02-01 18:54:24.864864,SUCCESS,FOOD
TXN_10468,CUST_145,ACC_1034,TRANSFER,1355.03,2026-02-01 20:32:25.945945,SUCCESS,HEALTHCARE
TXN_10469,CUST_101,ACC_1009,DEBIT,7695.08,2026-02-01 22:10:27.027027,SUCCESS,UTILITIES
TXN_10470,CUST_116,ACC_1026,TRANSFER,1898.19,2026-02-01 23:48:28.108108,SUCCESS,UTILITIES
TXN_10471,CUST_139,ACC_1002,DEBIT,668.33,2026-02-02 01:26:29.189189,FAILED,FOOD
TXN_10472,CUST_105,ACC_1009,DEBIT,1585.67,2026-02-02 03:04:30.270270,SUCCESS,FOOD
TXN_10473,CUST_122,ACC_1009,DEBIT,6345.25,2026-02-02 04:42:31.351351,SUCCESS,TRAVEL
TXN_10474,CUST_129,ACC_1040,CREDIT,534.25,2026-02-02 06:20:32.432432,SUCCESS,FOOD
TXN_10475,CUST_103,ACC_1017,CREDIT,651.86,2026-02-02 07:58:33.513513,SUCCESS,TRAVEL
TXN_10476,CUST_112,ACC_1001,TRANSFER,82.79,2026-02-02 09:36:34.594594,SUCCESS,TRAVEL
TXN_10477,CUST_126,ACC_1025,DEBIT,85.73,2026-02-02 11:14:35.675675,SUCCESS,ENTERTAINMENT
TXN_10478,CUST_116,ACC_1043,DEBIT,4470.96,2026-02-02 12:52:36.756756,SUCCESS,UTILITIES
TXN_10479,CUST_137,ACC_1040,CREDIT,3343.06,2026-02-02 14:30:37.837837,SUCCESS,HEALTHCARE
TXN_10480,CUST_122,ACC_1042,DEBIT,1146.42,2026-02-02 16:08:38.918918,SUCCESS,UTILITIES
TXN_10481,CUST_129,ACC_1025,DEBIT,3045.9,2026-02-02 17:46:40.000000,SUCCESS,UTILITIES
TXN_10482,CUST_114,ACC_1039,TRANSFER,1307.17,2026-02-02 19:24:41.081081,SUCCESS,ENTERTAINMENT
TXN_10483,CUST_128,ACC_1035,TRANSFER,7688.54,2026-02-02 21:02:42.162162,SUCCESS,TRAVEL
TXN_10484,CUST_105,ACC_1003,TRANSFER,8582.11,2026-02-02 22:40:43.243243,SUCCESS,TRAVEL
TXN_10485,CUST_147,ACC_1037,CREDIT,1297.22,2026-02-03 00:18:44.324324,SUCCESS,FOOD
TXN_10486,CUST_149,ACC_1044,DEBIT,4864.17,2026-02-03 01:56:45.405405,SUCCESS,ENTERTAINMENT
TXN_10487,CUST_130,ACC_1044,DEBIT,3757.99,2026-02-03 03:34:46.486486,SUCCESS,FOOD
TXN_10488,CUST_146,ACC_1030,CREDIT,977.66,2026-02-03 05:12:47.567567,SUCCESS,ENTERTAINMENT
TXN_10489,CUST_105,ACC_1038,TRANSFER,710.04,2026-02-03 06:50:48.648648,SUCCESS,FOOD
TXN_10490,CUST_112,ACC_1034,DEBIT,1582.31,2026-02-03 08:28:49.729729,SUCCESS,SHOPPING
TXN_10491,CUST_116,ACC_1012,DEBIT,3850.69,2026-02-03 10:06:50.810810,SUCCESS,UTILITIES
TXN_10492,CUST_126,ACC_1019,DEBIT,8107.7,2026-02-03 11:44:51.891891,SUCCESS,UTILITIES
TXN_10493,CUST_126,ACC_1037,CREDIT,3655.35,2026-02-03 13:22:52.972972,SUCCESS,HEALTHCARE
TXN_10494,CUST_148,ACC_1044,TRANSFER,4881.13,2026-02-03 15:00:54.054054,FAILED,TRAVEL
TXN_10495,CUST_121,ACC_1049,CREDIT,2359.95,2026-02-03 16:38:55.135135,SUCCESS,HEALTHCARE
TXN_10496,CUST_139,ACC_1017,DEBIT,4560.71,2026-02-03 18:16:56.216216,SUCCESS,SHOPPING
TXN_10497,CUST_136,ACC_1010,TRANSFER,3886.07,2026-02-03 19:54:57.297297,FAILED,HEALTHCARE
TXN_10498,CUST_133,ACC_1049,CREDIT,1232.96,2026-02-03 21:32:58.378378,SUCCESS,UTILITIES
TXN_10499,CUST_130,ACC_1047,DEBIT,2057.35,2026-02-03 23:10:59.459459,SUCCESS,
TXN_10500,CUST_137,ACC_1012,DEBIT,4133.73,2026-02-04 00:49:00.540540,SUCCESS,SHOPPING
TXN_10501,CUST_123,ACC_1016,DEBIT,167.88,2026-02-04 02:27:01.621621,SUCCESS,UTILITIES
TXN_10502,CUST_110,ACC_1024,DEBIT,4176.68,2026-02-04 04:05:02.702702,FAILED,FOOD
TXN_10503,CUST_105,ACC_1019,TRANSFER,539.7,2026-02-04 05:43:03.783783,PENDING,ENTERTAINMENT
TXN_10504,CUST_136,ACC_1008,DEBIT,1857.39,2026-02-04 07:21:04.864864,SUCCESS,SHOPPING
TXN_10505,CUST_134,ACC_1031,TRANSFER,4179.24,2026-02-04 08:59:05.945945,SUCCESS,TRAVEL
TXN_10506,CUST_131,ACC_1021,DEBIT,781.97,2026-02-04 10:37:07.027027,SUCCESS,HEALTHCARE
TXN_10507,CUST_110,ACC_1017,DEBIT,755.27,2026-02-04 12:15:08.108108,SUCCESS,HEALTHCARE
TXN_10508,CUST_119,ACC_1023,DEBIT,1338.61,2026-02-04 13:53:09.189189,SUCCESS,SHOPPING
TXN_10509,CUST_132,ACC_1037,DEBIT,5676.0,2026-02-04 15:31:10.270270,FAILED,TRAVEL
TXN_10510,CUST_101,ACC_1016,DEBIT,51.11,2026-02-04 17:09:11.351351,SUCCESS,SHOPPING
TXN_10511,CUST_105,ACC_1006,TRANSFER,5841.28,2026-02-04 18:47:12.432432,SUCCESS,TRAVEL
TXN_10512,CUST_145,ACC_1008,CREDIT,467.52,2026-02-04 20:25:13.513513,SUCCESS,HEALTHCARE
TXN_10513,CUST_104,ACC_1025,CREDIT,11584.61,2026-02-04 22:03:14.594594,SUCCESS,UTILITIES
TXN_10514,CUST_116,ACC_1018,DEBIT,7794.25,2026-02-04 23:41:15.675675,SUCCESS,FOOD
TXN_10515,CUST_124,ACC_1025,DEBIT,1756.38,2026-02-05 01:19:16.756756,SUCCESS,UTILITIES
TXN_10516,CUST_116,ACC_1012,DEBIT,1847.29,2026-02-05 02:57:17.837837,SUCCESS,FOOD
TXN_10517,CUST_102,ACC_1015,CREDIT,1692.28,2026-02-05 04:35:18.918918,SUCCESS,HEALTHCARE
TXN_10518,CUST_149,ACC_1026,DEBIT,2572.69,2026-02-05 06:13:20.000000,SUCCESS,UTILITIES
TXN_10519,CUST_128,ACC_1041,DEBIT,287.76,2026-02-05 07:51:21.081081,SUCCESS,UTILITIES
TXN_10520,CUST_132,ACC_1045,CREDIT,132.9,2026-02-05 09:29:22.162162,SUCCESS,SHOPPING
TXN_10521,CUST_127,ACC_1026,DEBIT,198.59,2026-02-05 11:07:23.243243,SUCCESS,ENTERTAINMENT
TXN_10522,CUST_120,ACC_1047,DEBIT,1519.11,2026-02-05 12:45:24.324324,PENDING,HEALTHCARE
TXN_10523,CUST_124,ACC_1032,DEBIT,855.85,2026-02-05 14:23:25.405405,SUCCESS,TRAVEL
TXN_10524,CUST_112,ACC_1010,TRANSFER,2482.41,2026-02-05 16:01:26.486486,FAILED,HEALTHCARE
TXN_10525,CUST_135,ACC_1016,CREDIT,12262.97,2026-02-05 17:39:27.567567,SUCCESS,TRAVEL
TXN_10526,CUST_133,ACC_1007,DEBIT,1270.72,2026-02-05 19:17:28.648648,SUCCESS,TRAVEL
TXN_10527,CUST_133,ACC_1017,DEBIT,2182.36,2026-02-05 20:55:29.729729,SUCCESS,FOOD
TXN_10528,CUST_143,ACC_1023,TRANSFER,1392.94,2026-02-05 22:33:30.810810,SUCCESS,TRAVEL
TXN_10529,CUST_137,ACC_1026,CREDIT,4747.74,2026-02-06 00:11:31.891891,PENDING,TRAVEL
TXN_10530,CUST_112,ACC_1021,DEBIT,5863.01,2026-02-06 01:49:32.972972,SUCCESS,SHOPPING
TXN_10531,CUST_103,ACC_1022,TRANSFER,5296.17,2026-02-06 03:27:34.054054,SUCCESS,UTILITIES
TXN_10532,CUST_101,ACC_1007,DEBIT,9210.2,2026-02-06 05:05:35.135135,SUCCESS,HEALTHCARE
TXN_10533,CUST_133,ACC_1014,CREDIT,119.76,2026-02-06 06:43:36.216216,SUCCESS,HEALTHCARE
TXN_10534,CUST_140,ACC_1015,CREDIT,4628.58,2026-02-06 08:21:37.297297,SUCCESS,TRAVEL
TXN_10535,CUST_110,ACC_1007,DEBIT,3533.52,2026-02-06 09:59:38.378378,SUCCESS,ENTERTAINMENT
TXN_10536,CUST_143,ACC_1009,TRANSFER,699.18,2026-02-06 11:37:39.459459,SUCCESS,HEALTHCARE
TXN_10537,CUST_144,ACC_1048,CREDIT,7877.17,2026-02-06 13:15:40.540540,SUCCESS,TRAVEL
TXN_10538,CUST_129,ACC_1008,CREDIT,450.94,2026-02-06 14:53:41.621621,SUCCESS,FOOD
TXN_10539,CUST_113,ACC_1023,DEBIT,2895.07,2026-02-06 16:31:42.702702,SUCCESS,FOOD
TXN_10540,CUST_112,ACC_1029,DEBIT,686.88,2026-02-06 18:09:43.783783,SUCCESS,FOOD
TXN_10541,CUST_131,ACC_1018,DEBIT,1461.36,2026-02-06 19:47:44.864864,SUCCESS,TRAVEL
TXN_10542,CUST_146,ACC_1031,CREDIT,3224.92,2026-02-06 21:25:45.945945,SUCCESS,SHOPPING
TXN_10543,CUST_102,ACC_1030,DEBIT,2121.41,2026-02-06 23:03:47.027027,SUCCESS,ENTERTAINMENT
TXN_10544,CUST_135,ACC_1039,CREDIT,1444.36,2026-02-07 00:41:48.108108,SUCCESS,TRAVEL
TXN_10545,CUST_123,ACC_1035,CREDIT,1037.57,2026-02-07 02:19:49.189189,SUCCESS,SHOPPING
TXN_10546,CUST_117,ACC_1018,DEBIT,4626.14,2026-02-07 03:57:50.270270,FAILED,SHOPPING
TXN_10547,CUST_126,ACC_1042,CREDIT,438.17,2026-02-07 05:35:51.351351,SUCCESS,HEALTHCARE
TXN_10548,CUST_108,ACC_1039,DEBIT,1455.75,2026-02-07 07:13:52.432432,SUCCESS,TRAVEL
TXN_10549,CUST_129,ACC_1017,TRANSFER,5902.21,2026-02-07 08:51:53.513513,FAILED,TRAVEL
TXN_10550,CUST_126,ACC_1014,DEBIT,4724.57,2026-02-07 10:29:54.594594,SUCCESS,SHOPPING
TXN_10551,CUST_110,ACC_1031,DEBIT,1330.99,2026-02-07 12:07:55.675675,SUCCESS,SHOPPING
TXN_10552,CUST_126,ACC_1024,DEBIT,3650.38,2026-02-07 13:45:56.756756,FAILED,SHOPPING
TXN_10553,CUST_134,ACC_1035,DEBIT,4381.29,2026-02-07 15:23:57.837837,SUCCESS,HEALTHCARE
TXN_10554,CUST_141,ACC_1044,CREDIT,5543.03,2026-02-07 17:01:58.918918,SUCCESS,TRAVEL
TXN_10555,CUST_107,ACC_1045,CREDIT,2015.93,2026-02-07 18:40:00.000000,SUCCESS,SHOPPING
TXN_10556,CUST_104,ACC_1034,CREDIT,621.84,2026-02-07 20:18:01.081081,SUCCESS,FOOD
TXN_10557,CUST_145,ACC_1003,DEBIT,786.97,2026-02-07 21:56:02.162162,SUCCESS,TRAVEL
TXN_10558,CUST_111,ACC_1037,DEBIT,926.36,2026-02-07 23:34:03.243243,SUCCESS,HEALTHCARE
TXN_10559,CUST_129,ACC_1043,DEBIT,2302.29,2026-02-08 01:12:04.324324,SUCCESS,FOOD
TXN_10560,CUST_136,ACC_1040,CREDIT,133.4,2026-02-08 02:50:05.405405,SUCCESS,UTILITIES
TXN_10561,CUST_125,ACC_1026,TRANSFER,2576.8,2026-02-08 04:28:06.486486,SUCCESS,TRAVEL
TXN_10562,CUST_121,ACC_1023,DEBIT,1182.78,2026-02-08 06:06:07.567567,SUCCESS,UTILITIES
TXN_10563,CUST_136,ACC_1044,DEBIT,924.75,2026-02-08 07:44:08.648648,SUCCESS,SHOPPING
TXN_10564,CUST_110,ACC_1039,CREDIT,5340.19,2026-02-08 09:22:09.729729,SUCCESS,HEALTHCARE
TXN_10565,CUST_137,ACC_1015,TRANSFER,1590.48,2026-02-08 11:00:10.810810,SUCCESS,SHOPPING
TXN_10566,CUST_109,ACC_1049,CREDIT,299.7,2026-02-08 12:38:11.891891,SUCCESS,HEALTHCARE
TXN_10567,CUST_124,ACC_1004,TRANSFER,4432.5,2026-02-08 14:16:12.972972,SUCCESS,ENTERTAINMENT
TXN_10568,CUST_135,ACC_1029,DEBIT,172.03,2026-02-08 15:54:14.054054,FAILED,SHOPPING
TXN_10569,CUST_149,ACC_1022,DEBIT,3293.41,2026-02-08 17:32:15.135135,SUCCESS,UTILITIES
TXN_10570,CUST_135,ACC_1025,TRANSFER,3767.01,2026-02-08 19:10:16.216216,SUCCESS,HEALTHCARE
TXN_10571,CUST_148,ACC_1013,CREDIT,1136.99,2026-02-08 20:48:17.297297,SUCCESS,SHOPPING
TXN_10572,CUST_136,ACC_1018,DEBIT,4404.39,2026-02-08 22:26:18.378378,SUCCESS,TRAVEL
TXN_10573,CUST_118,ACC_1033,CREDIT,1862.42,2026-02-09 00:04:19.459459,SUCCESS,HEALTHCARE
TXN_10574,CUST_149,ACC_1016,TRANSFER,1605.76,2026-02-09 01:42:20.540540,SUCCESS,HEALTHCARE
TXN_10575,CUST_139,ACC_1045,CREDIT,166.17,2026-02-09 03:20:21.621621,SUCCESS,SHOPPING
TXN_10576,CUST_132,ACC_1042,CREDIT,906.33,2026-02-09 04:58:22.702702,SUCCESS,ENTERTAINMENT
TXN_10577,CUST_124,ACC_1044,DEBIT,6734.48,2026-02-09 06:36:23.783783,SUCCESS,SHOPPING
TXN_10578,CUST_123,ACC_1002,CREDIT,1293.23,2026-02-09 08:14:24.864864,SUCCESS,UTILITIES
TXN_10579,CUST_132,ACC_1035,CREDIT,2028.01,2026-02-09 09:52:25.945945,FAILED,UTILITIES
TXN_10580,CUST_137,ACC_1042,TRANSFER,1948.33,2026-02-09 11:30:27.027027,SUCCESS,HEALTHCARE
TXN_10581,CUST_112,ACC_1034,TRANSFER,2281.63,2026-02-09 13:08:28.108108,SUCCESS,HEALTHCARE
TXN_10582,CUST_149,ACC_1030,TRANSFER,208.23,2026-02-09 14:46:29.189189,SUCCESS,SHOPPING
TXN_10583,CUST_113,ACC_1013,DEBIT,1174.23,2026-02-09 16:24:30.270270,SUCCESS,UTILITIES
TXN_10584,CUST_123,ACC_1013,CREDIT,3260.5,2026-02-09 18:02:31.351351,FAILED,UTILITIES
TXN_10585,CUST_125,ACC_1018,CREDIT,609.61,2026-02-09 19:40:32.432432,SUCCESS,ENTERTAINMENT
TXN_10586,CUST_135,ACC_1032,CREDIT,619.07,2026-02-09 21:18:33.513513,SUCCESS,TRAVEL
TXN_10587,CUST_141,ACC_1032,CREDIT,75.35,2026-02-09 22:56:34.594594,SUCCESS,ENTERTAINMENT
TXN_10588,CUST_130,ACC_1035,TRANSFER,1488.33,2026-02-10 00:34:35.675675,SUCCESS,FOOD
TXN_10589,CUST_117,ACC_1039,DEBIT,5408.28,2026-02-10 02:12:36.756756,SUCCESS,ENTERTAINMENT
TXN_10590,CUST_149,ACC_1046,CREDIT,183.24,2026-02-10 03:50:37.837837,SUCCESS,SHOPPING
TXN_10591,CUST_120,ACC_1029,DEBIT,580.26,2026-02-10 05:28:38.918918,SUCCESS,TRAVEL
TXN_10592,CUST_148,ACC_1049,DEBIT,977.97,2026-02-10 07:06:40.000000,SUCCESS,SHOPPING
TXN_10593,CUST_125,ACC_1029,CREDIT,3339.35,2026-02-10 08:44:41.081081,SUCCESS,FOOD
TXN_10594,CUST_122,ACC_1044,CREDIT,2608.55,2026-02-10 10:22:42.162162,SUCCESS,TRAVEL
TXN_10595,CUST_113,ACC_1016,DEBIT,1394.4,2026-02-10 12:00:43.243243,SUCCESS,HEALTHCARE
TXN_10596,CUST_119,ACC_1044,DEBIT,3608.11,2026-02-10 13:38:44.324324,SUCCESS,UTILITIES
TXN_10597,CUST_149,ACC_1047,CREDIT,2401.66,2026-02-10 15:16:45.405405,SUCCESS,ENTERTAINMENT
TXN_10598,CUST_136,ACC_1010,DEBIT,5709.39,2026-02-10 16:54:46.486486,SUCCESS,SHOPPING
TXN_10599,CUST_112,ACC_1030,DEBIT,4309.74,2026-02-10 18:32:47.567567,SUCCESS,FOOD
TXN_10600,CUST_141,ACC_1025,DEBIT,778.6,2026-02-10 20:10:48.648648,SUCCESS,UTILITIES
TXN_10601,CUST_119,ACC_1039,DEBIT,841.71,2026-02-10 21:48:49.729729,SUCCESS,ENTERTAINMENT
TXN_10602,CUST_112,ACC_1020,DEBIT,384.85,2026-02-10 23:26:50.810810,SUCCESS,UTILITIES
TXN_10603,CUST_109,ACC_1005,DEBIT,1077.32,2026-02-11 01:04:51.891891,SUCCESS,ENTERTAINMENT
TXN_10604,CUST_107,ACC_1001,DEBIT,19282.1,2026-02-11 02:42:52.972972,SUCCESS,HEALTHCARE
TXN_10605,CUST_128,ACC_1030,TRANSFER,1351.14,2026-02-11 04:20:54.054054,SUCCESS,TRAVEL
TXN_10606,CUST_114,ACC_1049,CREDIT,672.72,2026-02-11 05:58:55.135135,SUCCESS,UTILITIES
TXN_10607,CUST_131,ACC_1003,CREDIT,3643.79,2026-02-11 07:36:56.216216,SUCCESS,UTILITIES
TXN_10608,CUST_119,ACC_1045,DEBIT,2004.79,2026-02-11 09:14:57.297297,SUCCESS,UTILITIES
TXN_10609,CUST_147,ACC_1014,DEBIT,455.13,2026-02-11 10:52:58.378378,SUCCESS,TRAVEL
TXN_10610,CUST_116,ACC_1030,CREDIT,1247.87,2026-02-11 12:30:59.459459,SUCCESS,FOOD
TXN_10611,CUST_105,ACC_1004,DEBIT,1388.09,2026-02-11 14:09:00.540540,SUCCESS,ENTERTAINMENT
TXN_10612,CUST_135,ACC_1018,DEBIT,3554.33,2026-02-11 15:47:01.621621,SUCCESS,HEALTHCARE
TXN_10613,CUST_112,ACC_1037,CREDIT,102.22,2026-02-11 17:25:02.702702,SUCCESS,UTILITIES
TXN_10614,CUST_125,ACC_1025,CREDIT,833.42,2026-02-11 19:03:03.783783,SUCCESS,TRAVEL
TXN_10615,CUST_121,ACC_1048,DEBIT,1872.43,2026-02-11 20:41:04.864864,SUCCESS,FOOD
TXN_10616,CUST_136,ACC_1001,DEBIT,832.83,2026-02-11 22:19:05.945945,SUCCESS,ENTERTAINMENT
TXN_10617,CUST_123,ACC_1046,CREDIT,2525.07,2026-02-11 23:57:07.027027,SUCCESS,TRAVEL
TXN_10618,CUST_116,ACC_1015,DEBIT,1693.81,2026-02-12 01:35:08.108108,SUCCESS,HEALTHCARE
TXN_10619,CUST_139,ACC_1009,CREDIT,1172.41,2026-02-12 03:13:09.189189,FAILED,HEALTHCARE
TXN_10620,CUST_145,ACC_1015,CREDIT,7500.07,2026-02-12 04:51:10.270270,SUCCESS,ENTERTAINMENT
TXN_10621,CUST_142,ACC_1049,TRANSFER,2550.26,2026-02-12 06:29:11.351351,PENDING,UTILITIES
TXN_10622,CUST_139,ACC_1024,DEBIT,397.99,2026-02-12 08:07:12.432432,SUCCESS,HEALTHCARE
TXN_10623,CUST_114,ACC_1004,TRANSFER,2102.97,2026-02-12 09:45:13.513513,SUCCESS,FOOD
TXN_10624,CUST_131,ACC_1012,CREDIT,3843.65,2026-02-12 11:23:14.594594,SUCCESS,TRAVEL
TXN_10625,CUST_105,ACC_1037,DEBIT,3131.7,2026-02-12 13:01:15.675675,SUCCESS,FOOD
TXN_10626,CUST_135,ACC_1037,DEBIT,522.12,2026-02-12 14:39:16.756756,FAILED,UTILITIES
TXN_10627,CUST_123,ACC_1043,CREDIT,9026.66,2026-02-12 16:17:17.837837,SUCCESS,FOOD
TXN_10628,CUST_129,ACC_1006,DEBIT,1539.21,2026-02-12 17:55:18.918918,SUCCESS,FOOD
TXN_10629,CUST_143,ACC_1039,DEBIT,482.98,2026-02-12 19:33:20.000000,SUCCESS,SHOPPING
TXN_10630,CUST_111,ACC_1046,DEBIT,546.72,2026-02-12 21:11:21.081081,SUCCESS,FOOD
TXN_10631,CUST_118,ACC_1024,TRANSFER,308.5,2026-02-12 22:49:22.162162,SUCCESS,ENTERTAINMENT
TXN_10632,CUST_147,ACC_1011,CREDIT,4117.96,2026-02-13 00:27:23.243243,SUCCESS,TRAVEL
TXN_10633,CUST_112,ACC_1013,CREDIT,375.36,2026-02-13 02:05:24.324324,PENDING,SHOPPING
TXN_10634,CUST_109,ACC_1034,DEBIT,384.19,2026-02-13 03:43:25.405405,SUCCESS,TRAVEL
TXN_10635,CUST_110,ACC_1025,DEBIT,4800.67,2026-02-13 05:21:26.486486,SUCCESS,TRAVEL
TXN_10636,CUST_144,ACC_1007,CREDIT,1106.29,2026-02-13 06:59:27.567567,SUCCESS,UTILITIES
TXN_10637,CUST_117,ACC_1004,DEBIT,128.36,2026-02-13 08:37:28.648648,SUCCESS,UTILITIES
TXN_10638,CUST_138,ACC_1008,DEBIT,183.23,2026-02-13 10:15:29.729729,SUCCESS,SHOPPING
TXN_10639,CUST_107,ACC_1020,CREDIT,433.37,2026-02-13 11:53:30.810810,SUCCESS,HEALTHCARE
TXN_10640,CUST_146,ACC_1029,TRANSFER,650.07,2026-02-13 13:31:31.891891,SUCCESS,UTILITIES
TXN_10641,CUST_113,ACC_1045,CREDIT,2785.15,2026-02-13 15:09:32.972972,SUCCESS,UTILITIES
TXN_10642,CUST_140,ACC_1046,CREDIT,477.94,2026-02-13 16:47:34.054054,SUCCESS,UTILITIES
TXN_10643,CUST_142,ACC_1010,TRANSFER,366.39,2026-02-13 18:25:35.135135,PENDING,TRAVEL
TXN_10644,CUST_109,ACC_1043,DEBIT,3667.44,2026-02-13 20:03:36.216216,SUCCESS,SHOPPING
TXN_10645,CUST_127,ACC_1034,CREDIT,2829.66,2026-02-13 21:41:37.297297,SUCCESS,TRAVEL
TXN_10646,CUST_102,ACC_1026,TRANSFER,1478.76,2026-02-13 23:19:38.378378,SUCCESS,ENTERTAINMENT
TXN_10647,CUST_105,ACC_1041,DEBIT,2042.44,2026-02-14 00:57:39.459459,SUCCESS,TRAVEL
TXN_10648,CUST_129,ACC_1049,CREDIT,984.86,2026-02-14 02:35:40.540540,SUCCESS,ENTERTAINMENT
TXN_10649,CUST_137,ACC_1003,CREDIT,1696.87,2026-02-14 04:13:41.621621,SUCCESS,
TXN_10650,CUST_138,ACC_1006,CREDIT,1816.46,2026-02-14 05:51:42.702702,SUCCESS,FOOD
TXN_10651,CUST_119,ACC_1005,CREDIT,1274.44,2026-02-14 07:29:43.783783,SUCCESS,ENTERTAINMENT
TXN_10652,CUST_108,ACC_1005,TRANSFER,5976.42,2026-02-14 09:07:44.864864,SUCCESS,ENTERTAINMENT
TXN_10653,CUST_148,ACC_1047,CREDIT,90.48,2026-02-14 10:45:45.945945,SUCCESS,TRAVEL
TXN_10654,CUST_145,ACC_1023,DEBIT,3860.12,2026-02-14 12:23:47.027027,SUCCESS,ENTERTAINMENT
TXN_10655,CUST_101,ACC_1049,TRANSFER,382.07,2026-02-14 14:01:48.108108,SUCCESS,SHOPPING
TXN_10656,CUST_122,ACC_1009,DEBIT,4043.12,2026-02-14 15:39:49.189189,SUCCESS,FOOD
TXN_10657,CUST_117,ACC_1035,DEBIT,2442.21,2026-02-14 17:17:50.270270,SUCCESS,FOOD
TXN_10658,CUST_107,ACC_1020,DEBIT,4683.21,2026-02-14 18:55:51.351351,SUCCESS,HEALTHCARE
TXN_10659,CUST_125,ACC_1049,DEBIT,306.51,2026-02-14 20:33:52.432432,SUCCESS,ENTERTAINMENT
TXN_10660,CUST_145,ACC_1042,DEBIT,2096.67,2026-02-14 22:11:53.513513,SUCCESS,UTILITIES
TXN_10661,CUST_104,ACC_1035,TRANSFER,1788.31,2026-02-14 23:49:54.594594,PENDING,UTILITIES
TXN_10662,CUST_136,ACC_1018,CREDIT,3112.08,2026-02-15 01:27:55.675675,SUCCESS,ENTERTAINMENT
TXN_10663,CUST_106,ACC_1017,CREDIT,1960.48,2026-02-15 03:05:56.756756,FAILED,SHOPPING
TXN_10664,CUST_131,ACC_1024,DEBIT,1995.32,2026-02-15 04:43:57.837837,SUCCESS,UTILITIES
TXN_10665,CUST_119,ACC_1003,TRANSFER,110196.43,2026-02-15 06:21:58.918918,SUCCESS,HEALTHCARE
TXN_10666,CUST_144,ACC_1032,TRANSFER,973.44,2026-02-15 08:00:00.000000,SUCCESS,ENTERTAINMENT
TXN_10667,CUST_139,ACC_1035,CREDIT,1695.73,2026-02-15 09:38:01.081081,SUCCESS,SHOPPING
TXN_10668,CUST_127,ACC_1038,DEBIT,88269.28,2026-02-15 11:16:02.162162,SUCCESS,SHOPPING
TXN_10669,CUST_110,ACC_1013,DEBIT,8193.61,2026-02-15 12:54:03.243243,SUCCESS,TRAVEL
TXN_10670,CUST_126,ACC_1047,DEBIT,3183.0,2026-02-15 14:32:04.324324,FAILED,SHOPPING
TXN_10671,CUST_119,ACC_1025,DEBIT,7665.83,2026-02-15 16:10:05.405405,SUCCESS,UTILITIES
TXN_10672,CUST_139,ACC_1009,DEBIT,692.81,2026-02-15 17:48:06.486486,SUCCESS,UTILITIES
TXN_10673,CUST_103,ACC_1004,TRANSFER,5336.97,2026-02-15 19:26:07.567567,SUCCESS,ENTERTAINMENT
TXN_10674,CUST_145,ACC_1014,DEBIT,4185.96,2026-02-15 21:04:08.648648,SUCCESS,ENTERTAINMENT
TXN_10675,CUST_113,ACC_1037,DEBIT,2876.44,2026-02-15 22:42:09.729729,SUCCESS,SHOPPING
TXN_10676,CUST_128,ACC_1034,DEBIT,2502.27,2026-02-16 00:20:10.810810,SUCCESS,HEALTHCARE
TXN_10677,CUST_120,ACC_1011,DEBIT,1001.5,2026-02-16 01:58:11.891891,FAILED,FOOD
TXN_10678,CUST_128,ACC_1041,DEBIT,4287.64,2026-02-16 03:36:12.972972,SUCCESS,TRAVEL
TXN_10679,CUST_108,ACC_1003,DEBIT,1790.46,2026-02-16 05:14:14.054054,SUCCESS,FOOD
TXN_10680,CUST_141,ACC_1028,DEBIT,233.82,2026-02-16 06:52:15.135135,SUCCESS,SHOPPING
TXN_10681,CUST_139,ACC_1029,CREDIT,988.05,2026-02-16 08:30:16.216216,SUCCESS,SHOPPING
TXN_10682,CUST_101,ACC_1009,TRANSFER,6894.87,2026-02-16 10:08:17.297297,SUCCESS,FOOD
TXN_10683,CUST_103,ACC_1003,DEBIT,4804.16,2026-02-16 11:46:18.378378,SUCCESS,TRAVEL
TXN_10684,CUST_113,ACC_1025,DEBIT,10080.4,2026-02-16 13:24:19.459459,SUCCESS,FOOD
TXN_10685,CUST_128,ACC_1034,TRANSFER,2522.11,2026-02-16 15:02:20.540540,SUCCESS,ENTERTAINMENT
TXN_10686,CUST_149,ACC_1012,DEBIT,760.92,2026-02-16 16:40:21.621621,SUCCESS,UTILITIES
TXN_10687,CUST_125,ACC_1042,DEBIT,494.28,2026-02-16 18:18:22.702702,PENDING,HEALTHCARE
TXN_10688,CUST_133,ACC_1009,TRANSFER,567.3,2026-02-16 19:56:23.783783,SUCCESS,ENTERTAINMENT
TXN_10689,CUST_138,ACC_1015,DEBIT,99.99,2026-02-16 21:34:24.864864,SUCCESS,UTILITIES
TXN_10690,CUST_106,ACC_1040,CREDIT,92121.74,2026-02-16 23:12:25.945945,SUCCESS,HEALTHCARE
TXN_10691,CUST_144,ACC_1025,CREDIT,581.21,2026-02-17 00:50:27.027027,SUCCESS,HEALTHCARE
TXN_10692,CUST_145,ACC_1005,DEBIT,1376.11,2026-02-17 02:28:28.108108,SUCCESS,HEALTHCARE
TXN_10693,CUST_132,ACC_1011,DEBIT,6883.21,2026-02-17 04:06:29.189189,SUCCESS,SHOPPING
TXN_10694,CUST_145,ACC_1034,CREDIT,1457.67,2026-02-17 05:44:30.270270,SUCCESS,HEALTHCARE
TXN_10695,CUST_147,ACC_1024,DEBIT,5309.02,2026-02-17 07:22:31.351351,SUCCESS,TRAVEL
TXN_10696,CUST_121,ACC_1015,DEBIT,2375.37,2026-02-17 09:00:32.432432,SUCCESS,FOOD
TXN_10697,CUST_116,ACC_1038,CREDIT,70074.49,2026-02-17 10:38:33.513513,SUCCESS,TRAVEL
TXN_10698,CUST_121,ACC_1008,CREDIT,1149.58,2026-02-17 12:16:34.594594,SUCCESS,FOOD
TXN_10699,CUST_111,ACC_1005,DEBIT,269.13,2026-02-17 13:54:35.675675,SUCCESS,ENTERTAINMENT
TXN_10700,CUST_137,ACC_1048,TRANSFER,1064.15,2026-02-17 15:32:36.756756,SUCCESS,ENTERTAINMENT
TXN_10701,CUST_136,ACC_1026,DEBIT,2879.45,2026-02-17 17:10:37.837837,SUCCESS,FOOD
TXN_10702,CUST_135,ACC_1018,TRANSFER,237.11,2026-02-17 18:48:38.918918,SUCCESS,TRAVEL
TXN_10703,CUST_119,ACC_1006,CREDIT,624.8,2026-02-17 20:26:40.000000,PENDING,FOOD
TXN_10704,CUST_120,ACC_1037,CREDIT,1250.91,2026-02-17 22:04:41.081081,SUCCESS,HEALTHCARE
TXN_10705,CUST_118,ACC_1048,DEBIT,10100.35,2026-02-17 23:42:42.162162,PENDING,SHOPPING
TXN_10706,CUST_147,ACC_1013,TRANSFER,3891.19,2026-02-18 01:20:43.243243,SUCCESS,ENTERTAINMENT
TXN_10707,CUST_141,ACC_1028,DEBIT,3355.83,2026-02-18 02:58:44.324324,SUCCESS,SHOPPING
TXN_10708,CUST_149,ACC_1005,CREDIT,358.79,2026-02-18 04:36:45.405405,SUCCESS,HEALTHCARE
TXN_10709,CUST_114,ACC_1013,DEBIT,3846.66,2026-02-18 06:14:46.486486,PENDING,HEALTHCARE
TXN_10710,CUST_115,ACC_1017,DEBIT,3895.92,2026-02-18 07:52:47.567567,SUCCESS,ENTERTAINMENT
TXN_10711,CUST_131,ACC_1040,DEBIT,2347.63,2026-02-18 09:30:48.648648,SUCCESS,ENTERTAINMENT
TXN_10712,CUST_101,ACC_1045,TRANSFER,11655.05,2026-02-18 11:08:49.729729,SUCCESS,HEALTHCARE
TXN_10713,CUST_103,ACC_1032,TRANSFER,1033.55,2026-02-18 12:46:50.810810,SUCCESS,UTILITIES
TXN_10714,CUST_116,ACC_1029,DEBIT,7137.12,2026-02-18 14:24:51.891891,SUCCESS,SHOPPING
TXN_10715,CUST_123,ACC_1003,DEBIT,6204.86,2026-02-18 16:02:52.972972,SUCCESS,SHOPPING
TXN_10716,CUST_111,ACC_1040,CREDIT,78.87,2026-02-18 17:40:54.054054,SUCCESS,UTILITIES
TXN_10717,CUST_112,ACC_1034,DEBIT,1545.12,2026-02-18 19:18:55.135135,SUCCESS,TRAVEL
TXN_10718,CUST_110,ACC_1040,DEBIT,9492.01,2026-02-18 20:56:56.216216,SUCCESS,SHOPPING
TXN_10719,CUST_132,ACC_1027,CREDIT,322.09,2026-02-18 22:34:57.297297,SUCCESS,FOOD
TXN_10720,CUST_116,ACC_1013,CREDIT,2033.99,2026-02-19 00:12:58.378378,SUCCESS,HEALTHCARE
TXN_10721,CUST_108,ACC_1045,TRANSFER,9703.03,2026-02-19 01:50:59.459459,SUCCESS,HEALTHCARE
TXN_10722,CUST_138,ACC_1033,DEBIT,2076.99,2026-02-19 03:29:00.540540,SUCCESS,UTILITIES
TXN_10723,CUST_112,ACC_1006,DEBIT,576.23,2026-02-19 05:07:01.621621,SUCCESS,SHOPPING
TXN_10724,CUST_124,ACC_1024,CREDIT,2231.78,2026-02-19 06:45:02.702702,SUCCESS,TRAVEL
TXN_10725,CUST_128,ACC_1019,CREDIT,621.77,2026-02-19 08:23:03.783783,SUCCESS,SHOPPING
TXN_10726,CUST_108,ACC_1016,CREDIT,1883.38,2026-02-19 10:01:04.864864,SUCCESS,HEALTHCARE
TXN_10727,CUST_128,ACC_1040,CREDIT,242.32,2026-02-19 11:39:05.945945,SUCCESS,ENTERTAINMENT
TXN_10728,CUST_136,ACC_1028,DEBIT,2375.23,2026-02-19 13:17:07.027027,SUCCESS,FOOD
TXN_10729,CUST_126,ACC_1033,TRANSFER,1868.26,2026-02-19 14:55:08.108108,SUCCESS,UTILITIES
TXN_10730,CUST_108,ACC_1048,DEBIT,3419.24,2026-02-19 16:33:09.189189,SUCCESS,ENTERTAINMENT
TXN_10731,CUST_128,ACC_1041,DEBIT,2540.37,2026-02-19 18:11:10.270270,FAILED,TRAVEL
TXN_10732,CUST_128,ACC_1013,CREDIT,2044.08,2026-02-19 19:49:11.351351,SUCCESS,ENTERTAINMENT
TXN_10733,CUST_137,ACC_1043,DEBIT,2976.17,2026-02-19 21:27:12.432432,SUCCESS,ENTERTAINMENT
TXN_10734,CUST_141,ACC_1045,DEBIT,438.54,2026-02-19 23:05:13.513513,SUCCESS,TRAVEL
TXN_10735,CUST_136,ACC_1025,TRANSFER,2311.89,2026-02-20 00:43:14.594594,FAILED,ENTERTAINMENT
TXN_10736,CUST_127,ACC_1042,DEBIT,122757.41,2026-02-20 02:21:15.675675,SUCCESS,UTILITIES
TXN_10737,CUST_117,ACC_1036,CREDIT,6543.14,2026-02-20 03:59:16.756756,SUCCESS,HEALTHCARE
TXN_10738,CUST_109,ACC_1027,DEBIT,226.95,2026-02-20 05:37:17.837837,SUCCESS,
TXN_10739,CUST_133,ACC_1038,CREDIT,1456.94,2026-02-20 07:15:18.918918,SUCCESS,ENTERTAINMENT
TXN_10740,CUST_120,ACC_1007,DEBIT,3025.15,2026-02-20 08:53:20.000000,SUCCESS,UTILITIES
TXN_10741,CUST_113,ACC_1005,DEBIT,1581.33,2026-02-20 10:31:21.081081,SUCCESS,SHOPPING
TXN_10742,CUST_128,ACC_1043,TRANSFER,291.54,2026-02-20 12:09:22.162162,SUCCESS,SHOPPING
TXN_10743,CUST_148,ACC_1045,CREDIT,2065.11,2026-02-20 13:47:23.243243,SUCCESS,ENTERTAINMENT
TXN_10744,CUST_129,ACC_1031,DEBIT,2615.49,2026-02-20 15:25:24.324324,SUCCESS,UTILITIES
TXN_10745,CUST_113,ACC_1023,DEBIT,3091.74,2026-02-20 17:03:25.405405,SUCCESS,HEALTHCARE
TXN_10746,CUST_146,ACC_1042,TRANSFER,1218.06,2026-02-20 18:41:26.486486,FAILED,ENTERTAINMENT
TXN_10747,CUST_135,ACC_1010,CREDIT,2123.33,2026-02-20 20:19:27.567567,SUCCESS,TRAVEL
TXN_10748,CUST_106,ACC_1032,CREDIT,1547.71,2026-02-20 21:57:28.648648,SUCCESS,SHOPPING
TXN_10749,CUST_118,ACC_1043,CREDIT,2837.28,2026-02-20 23:35:29.729729,SUCCESS,ENTERTAINMENT
TXN_10750,CUST_105,ACC_1030,DEBIT,2240.01,2026-02-21 01:13:30.810810,SUCCESS,SHOPPING
TXN_10751,CUST_147,ACC_1039,DEBIT,1915.08,2026-02-21 02:51:31.891891,FAILED,UTILITIES
TXN_10752,CUST_125,ACC_1031,CREDIT,767.62,2026-02-21 04:29:32.972972,SUCCESS,FOOD
TXN_10753,CUST_102,ACC_1018,DEBIT,55.05,2026-02-21 06:07:34.054054,SUCCESS,ENTERTAINMENT
TXN_10754,CUST_110,ACC_1036,DEBIT,528.15,2026-02-21 07:45:35.135135,SUCCESS,HEALTHCARE
TXN_10755,CUST_130,ACC_1002,TRANSFER,361.26,2026-02-21 09:23:36.216216,SUCCESS,ENTERTAINMENT
TXN_10756,CUST_145,ACC_1014,CREDIT,1540.44,2026-02-21 11:01:37.297297,SUCCESS,SHOPPING
TXN_10757,CUST_105,ACC_1013,CREDIT,2418.54,2026-02-21 12:39:38.378378,SUCCESS,UTILITIES
TXN_10758,CUST_133,ACC_1029,CREDIT,649.09,2026-02-21 14:17:39.459459,SUCCESS,TRAVEL
TXN_10759,CUST_101,ACC_1012,CREDIT,7044.54,2026-02-21 15:55:40.540540,FAILED,HEALTHCARE
TXN_10760,CUST_118,ACC_1039,DEBIT,66.76,2026-02-21 17:33:41.621621,FAILED,UTILITIES
TXN_10761,CUST_132,ACC_1002,DEBIT,3749.33,2026-02-21 19:11:42.702702,SUCCESS,ENTERTAINMENT
TXN_10762,CUST_147,ACC_1032,DEBIT,2503.44,2026-02-21 20:49:43.783783,FAILED,TRAVEL
TXN_10763,CUST_149,ACC_1013,DEBIT,1219.23,2026-02-21 22:27:44.864864,SUCCESS,UTILITIES
TXN_10764,CUST_111,ACC_1046,CREDIT,179.52,2026-02-22 00:05:45.945945,SUCCESS,FOOD
TXN_10765,CUST_121,ACC_1027,DEBIT,2518.71,2026-02-22 01:43:47.027027,SUCCESS,HEALTHCARE
TXN_10766,CUST_126,ACC_1049,DEBIT,1267.83,2026-02-22 03:21:48.108108,SUCCESS,SHOPPING
TXN_10767,CUST_125,ACC_1041,DEBIT,6932.64,2026-02-22 04:59:49.189189,SUCCESS,UTILITIES
TXN_10768,CUST_122,ACC_1017,DEBIT,2002.16,2026-02-22 06:37:50.270270,SUCCESS,UTILITIES
TXN_10769,CUST_127,ACC_1040,DEBIT,7069.05,2026-02-22 08:15:51.351351,SUCCESS,FOOD
TXN_10770,CUST_149,ACC_1031,DEBIT,672.7,2026-02-22 09:53:52.432432,SUCCESS,ENTERTAINMENT
TXN_10771,CUST_113,ACC_1034,DEBIT,3284.07,2026-02-22 11:31:53.513513,SUCCESS,HEALTHCARE
TXN_10772,CUST_133,ACC_1024,DEBIT,2450.93,2026-02-22 13:09:54.594594,SUCCESS,HEALTHCARE
TXN_10773,CUST_134,ACC_1045,DEBIT,3412.0,2026-02-22 14:47:55.675675,SUCCESS,SHOPPING
TXN_10774,CUST_141,ACC_1035,CREDIT,654.12,2026-02-22 16:25:56.756756,SUCCESS,UTILITIES
TXN_10775,CUST_135,ACC_1048,DEBIT,2784.02,2026-02-22 18:03:57.837837,SUCCESS,TRAVEL
TXN_10776,CUST_101,ACC_1006,DEBIT,1773.09,2026-02-22 19:41:58.918918,SUCCESS,UTILITIES
TXN_10777,CUST_121,ACC_1019,CREDIT,3445.0,2026-02-22 21:20:00.000000,SUCCESS,SHOPPING
TXN_10778,CUST_148,ACC_1030,DEBIT,1040.19,2026-02-22 22:58:01.081081,SUCCESS,UTILITIES
TXN_10779,CUST_106,ACC_1007,TRANSFER,5569.48,2026-02-23 00:36:02.162162,SUCCESS,FOOD
TXN_10780,CUST_128,ACC_1010,CREDIT,270.17,2026-02-23 02:14:03.243243,SUCCESS,UTILITIES
TXN_10781,CUST_117,ACC_1041,DEBIT,4165.12,2026-02-23 03:52:04.324324,SUCCESS,UTILITIES
TXN_10782,CUST_105,ACC_1032,CREDIT,4988.96,2026-02-23 05:30:05.405405,SUCCESS,TRAVEL
TXN_10783,CUST_131,ACC_1034,DEBIT,4299.12,2026-02-23 07:08:06.486486,SUCCESS,FOOD
TXN_10784,CUST_105,ACC_1028,CREDIT,1847.32,2026-02-23 08:46:07.567567,FAILED,FOOD
TXN_10785,CUST_138,ACC_1015,DEBIT,1492.35,2026-02-23 10:24:08.648648,FAILED,UTILITIES
TXN_10786,CUST_103,ACC_1030,TRANSFER,14023.2,2026-02-23 12:02:09.729729,SUCCESS,HEALTHCARE
TXN_10787,CUST_123,ACC_1037,DEBIT,700.72,2026-02-23 13:40:10.810810,SUCCESS,TRAVEL
TXN_10788,CUST_137,ACC_1029,CREDIT,2028.97,2026-02-23 15:18:11.891891,SUCCESS,UTILITIES
TXN_10789,CUST_137,ACC_1022,CREDIT,2826.78,2026-02-23 16:56:12.972972,SUCCESS,UTILITIES
TXN_10790,CUST_110,ACC_1004,DEBIT,3067.17,2026-02-23 18:34:14.054054,FAILED,SHOPPING
TXN_10791,CUST_110,ACC_1020,DEBIT,620.47,2026-02-23 20:12:15.135135,SUCCESS,SHOPPING
TXN_10792,CUST_119,ACC_1032,CREDIT,2703.25,2026-02-23 21:50:16.216216,SUCCESS,HEALTHCARE
TXN_10793,CUST_117,ACC_1036,TRANSFER,4314.45,2026-02-23 23:28:17.297297,SUCCESS,TRAVEL
TXN_10794,CUST_121,ACC_1004,DEBIT,178.28,2026-02-24 01:06:18.378378,PENDING,ENTERTAINMENT
TXN_10795,CUST_114,ACC_1027,CREDIT,6112.48,2026-02-24 02:44:19.459459,SUCCESS,SHOPPING
TXN_10796,CUST_109,ACC_1017,TRANSFER,124.87,2026-02-24 04:22:20.540540,SUCCESS,ENTERTAINMENT
TXN_10797,CUST_146,ACC_1012,TRANSFER,1150.03,2026-02-24 06:00:21.621621,SUCCESS,FOOD
TXN_10798,CUST_101,ACC_1022,DEBIT,89.85,2026-02-24 07:38:22.702702,SUCCESS,SHOPPING
TXN_10799,CUST_145,ACC_1017,CREDIT,250.71,2026-02-24 09:16:23.783783,SUCCESS,SHOPPING
TXN_10800,CUST_113,ACC_1010,DEBIT,6102.53,2026-02-24 10:54:24.864864,SUCCESS,TRAVEL
TXN_10801,CUST_104,ACC_1001,TRANSFER,1145.72,2026-02-24 12:32:25.945945,FAILED,HEALTHCARE
TXN_10802,CUST_101,ACC_1022,DEBIT,1432.47,2026-02-24 14:10:27.027027,FAILED,ENTERTAINMENT
TXN_10803,CUST_149,ACC_1026,DEBIT,656.28,2026-02-24 15:48:28.108108,FAILED,SHOPPING
TXN_10804,CUST_140,ACC_1018,CREDIT,2322.64,2026-02-24 17:26:29.189189,SUCCESS,SHOPPING
TXN_10805,CUST_132,ACC_1014,DEBIT,2308.46,2026-02-24 19:04:30.270270,SUCCESS,TRAVEL
TXN_10806,CUST_134,ACC_1047,TRANSFER,1213.84,2026-02-24 20:42:31.351351,SUCCESS,TRAVEL
TXN_10807,CUST_128,ACC_1029,TRANSFER,1062.54,2026-02-24 22:20:32.432432,SUCCESS,HEALTHCARE
TXN_10808,CUST_131,ACC_1012,CREDIT,5456.28,2026-02-24 23:58:33.513513,SUCCESS,ENTERTAINMENT
TXN_10809,CUST_108,ACC_1036,DEBIT,1258.37,2026-02-25 01:36:34.594594,SUCCESS,FOOD
TXN_10810,CUST_139,ACC_1035,CREDIT,1750.58,2026-02-25 03:14:35.675675,SUCCESS,HEALTHCARE
TXN_10811,CUST_126,ACC_1012,DEBIT,882.76,2026-02-25 04:52:36.756756,SUCCESS,FOOD
TXN_10812,CUST_134,ACC_1007,DEBIT,3913.45,2026-02-25 06:30:37.837837,SUCCESS,UTILITIES
TXN_10813,CUST_103,ACC_1029,TRANSFER,1316.45,2026-02-25 08:08:38.918918,SUCCESS,SHOPPING
TXN_10814,CUST_112,ACC_1011,DEBIT,1851.87,2026-02-25 09:46:40.000000,SUCCESS,ENTERTAINMENT
TXN_10815,CUST_101,ACC_1033,DEBIT,780.42,2026-02-25 11:24:41.081081,SUCCESS,HEALTHCARE
TXN_10816,CUST_144,ACC_1006,TRANSFER,11037.19,2026-02-25 13:02:42.162162,SUCCESS,SHOPPING
TXN_10817,CUST_105,ACC_1047,DEBIT,911.5,2026-02-25 14:40:43.243243,SUCCESS,ENTERTAINMENT
TXN_10818,CUST_130,ACC_1015,DEBIT,3732.27,2026-02-25 16:18:44.324324,SUCCESS,ENTERTAINMENT
TXN_10819,CUST_130,ACC_1032,TRANSFER,1444.34,2026-02-25 17:56:45.405405,SUCCESS,ENTERTAINMENT
TXN_10820,CUST_117,ACC_1011,DEBIT,627.36,2026-02-25 19:34:46.486486,SUCCESS,SHOPPING
TXN_10821,CUST_148,ACC_1023,CREDIT,4070.08,2026-02-25 21:12:47.567567,SUCCESS,HEALTHCARE
TXN_10822,CUST_147,ACC_1026,TRANSFER,1064.69,2026-02-25 22:50:48.648648,SUCCESS,TRAVEL
TXN_10823,CUST_123,ACC_1034,TRANSFER,5059.78,2026-02-26 00:28:49.729729,SUCCESS,SHOPPING
TXN_10824,CUST_115,ACC_1046,CREDIT,6220.34,2026-02-26 02:06:50.810810,SUCCESS,ENTERTAINMENT
TXN_10825,CUST_137,ACC_1034,DEBIT,4962.14,2026-02-26 03:44:51.891891,SUCCESS,HEALTHCARE
TXN_10826,CUST_121,ACC_1029,DEBIT,139.09,2026-02-26 05:22:52.972972,SUCCESS,UTILITIES
TXN_10827,CUST_114,ACC_1004,TRANSFER,3920.54,2026-02-26 07:00:54.054054,SUCCESS,FOOD
TXN_10828,CUST_102,ACC_1017,TRANSFER,1374.76,2026-02-26 08:38:55.135135,SUCCESS,ENTERTAINMENT
TXN_10829,CUST_111,ACC_1035,CREDIT,5223.19,2026-02-26 10:16:56.216216,FAILED,UTILITIES
TXN_10830,CUST_139,ACC_1013,DEBIT,2589.96,2026-02-26 11:54:57.297297,SUCCESS,TRAVEL
TXN_10831,CUST_138,ACC_1041,DEBIT,4534.05,2026-02-26 13:32:58.378378,SUCCESS,ENTERTAINMENT
TXN_10832,CUST_134,ACC_1039,DEBIT,1780.03,2026-02-26 15:10:59.459459,SUCCESS,UTILITIES
TXN_10833,CUST_138,ACC_1015,CREDIT,1964.43,2026-02-26 16:49:00.540540,SUCCESS,ENTERTAINMENT
TXN_10834,CUST_134,ACC_1029,DEBIT,439.84,2026-02-26 18:27:01.621621,SUCCESS,SHOPPING
TXN_10835,CUST_118,ACC_1029,TRANSFER,3881.05,2026-02-26 20:05:02.702702,SUCCESS,HEALTHCARE
TXN_10836,CUST_130,ACC_1011,CREDIT,1409.19,2026-02-26 21:43:03.783783,SUCCESS,UTILITIES
TXN_10837,CUST_115,ACC_1032,DEBIT,1783.27,2026-02-26 23:21:04.864864,SUCCESS,HEALTHCARE
TXN_10838,CUST_127,ACC_1002,CREDIT,3893.93,2026-02-27 00:59:05.945945,SUCCESS,SHOPPING
TXN_10839,CUST_134,ACC_1047,DEBIT,2333.52,2026-02-27 02:37:07.027027,SUCCESS,SHOPPING
TXN_10840,CUST_138,ACC_1014,CREDIT,611.29,2026-02-27 04:15:08.108108,SUCCESS,HEALTHCARE
TXN_10841,CUST_133,ACC_1020,CREDIT,2280.41,2026-02-27 05:53:09.189189,SUCCESS,UTILITIES
TXN_10842,CUST_124,ACC_1022,TRANSFER,1359.07,2026-02-27 07:31:10.270270,SUCCESS,HEALTHCARE
TXN_10843,CUST_115,ACC_1011,TRANSFER,1634.96,2026-02-27 09:09:11.351351,FAILED,HEALTHCARE
TXN_10844,CUST_130,ACC_1027,DEBIT,121.8,2026-02-27 10:47:12.432432,SUCCESS,FOOD
TXN_10845,CUST_142,ACC_1003,DEBIT,639.4,2026-02-27 12:25:13.513513,SUCCESS,UTILITIES
TXN_10846,CUST_117,ACC_1017,CREDIT,874.87,2026-02-27 14:03:14.594594,SUCCESS,FOOD
TXN_10847,CUST_105,ACC_1044,DEBIT,3170.33,2026-02-27 15:41:15.675675,SUCCESS,ENTERTAINMENT
TXN_10848,CUST_129,ACC_1028,DEBIT,78.9,2026-02-27 17:19:16.756756,FAILED,HEALTHCARE
TXN_10849,CUST_104,ACC_1029,DEBIT,1363.91,2026-02-27 18:57:17.837837,SUCCESS,ENTERTAINMENT
TXN_10850,CUST_110,ACC_1021,CREDIT,6493.44,2026-02-27 20:35:18.918918,PENDING,UTILITIES
TXN_10851,CUST_117,ACC_1047,DEBIT,346.62,2026-02-27 22:13:20.000000,SUCCESS,HEALTHCARE
TXN_10852,CUST_110,ACC_1016,CREDIT,1866.37,2026-02-27 23:51:21.081081,SUCCESS,ENTERTAINMENT
TXN_10853,CUST_117,ACC_1037,TRANSFER,3910.56,2026-02-28 01:29:22.162162,SUCCESS,TRAVEL
TXN_10854,CUST_120,ACC_1020,DEBIT,7191.29,2026-02-28 03:07:23.243243,FAILED,SHOPPING
TXN_10855,CUST_124,ACC_1006,DEBIT,3483.71,2026-02-28 04:45:24.324324,SUCCESS,HEALTHCARE
TXN_10856,CUST_105,ACC_1019,DEBIT,3237.47,2026-02-28 06:23:25.405405,SUCCESS,SHOPPING
TXN_10857,CUST_134,ACC_1005,TRANSFER,4428.77,2026-02-28 08:01:26.486486,SUCCESS,FOOD
TXN_10858,CUST_106,ACC_1003,DEBIT,1527.38,2026-02-28 09:39:27.567567,SUCCESS,ENTERTAINMENT
TXN_10859,CUST_102,ACC_1001,DEBIT,4147.74,2026-02-28 11:17:28.648648,FAILED,FOOD
TXN_10860,CUST_113,ACC_1038,DEBIT,69.99,2026-02-28 12:55:29.729729,SUCCESS,HEALTHCARE
TXN_10861,CUST_143,ACC_1015,CREDIT,6511.08,2026-02-28 14:33:30.810810,SUCCESS,SHOPPING
TXN_10862,CUST_143,ACC_1034,DEBIT,74688.02,2026-02-28 16:11:31.891891,SUCCESS,SHOPPING
TXN_10863,CUST_148,ACC_1035,CREDIT,2065.12,2026-02-28 17:49:32.972972,SUCCESS,ENTERTAINMENT
TXN_10864,CUST_111,ACC_1049,TRANSFER,785.53,2026-02-28 19:27:34.054054,FAILED,HEALTHCARE
TXN_10865,CUST_147,ACC_1025,DEBIT,3442.14,2026-02-28 21:05:35.135135,SUCCESS,TRAVEL
TXN_10866,CUST_123,ACC_1024,TRANSFER,249.33,2026-02-28 22:43:36.216216,SUCCESS,TRAVEL
TXN_10867,CUST_116,ACC_1012,DEBIT,5201.76,2026-03-01 00:21:37.297297,FAILED,ENTERTAINMENT
TXN_10868,CUST_131,ACC_1018,TRANSFER,4452.35,2026-03-01 01:59:38.378378,SUCCESS,HEALTHCARE
TXN_10869,CUST_111,ACC_1015,CREDIT,658.56,2026-03-01 03:37:39.459459,SUCCESS,ENTERTAINMENT
TXN_10870,CUST_116,ACC_1044,TRANSFER,4192.95,2026-03-01 05:15:40.540540,SUCCESS,HEALTHCARE
TXN_10871,CUST_108,ACC_1016,DEBIT,3908.63,2026-03-01 06:53:41.621621,SUCCESS,FOOD
TXN_10872,CUST_104,ACC_1027,DEBIT,2550.65,2026-03-01 08:31:42.702702,SUCCESS,ENTERTAINMENT
TXN_10873,CUST_140,ACC_1008,DEBIT,1219.1,2026-03-01 10:09:43.783783,FAILED,HEALTHCARE
TXN_10874,CUST_104,ACC_1046,DEBIT,841.91,2026-03-01 11:47:44.864864,SUCCESS,TRAVEL
TXN_10875,CUST_125,ACC_1025,DEBIT,709.21,2026-03-01 13:25:45.945945,SUCCESS,HEALTHCARE
TXN_10876,CUST_103,ACC_1017,DEBIT,1009.05,2026-03-01 15:03:47.027027,PENDING,HEALTHCARE
TXN_10877,CUST_132,ACC_1029,DEBIT,5897.05,2026-03-01 16:41:48.108108,SUCCESS,ENTERTAINMENT
TXN_10878,CUST_103,ACC_1008,DEBIT,252.05,2026-03-01 18:19:49.189189,SUCCESS,FOOD
TXN_10879,CUST_127,ACC_1015,TRANSFER,4463.35,2026-03-01 19:57:50.270270,SUCCESS,FOOD
TXN_10880,CUST_129,ACC_1027,DEBIT,1122.69,2026-03-01 21:35:51.351351,FAILED,FOOD
TXN_10881,CUST_132,ACC_1046,DEBIT,1893.27,2026-03-01 23:13:52.432432,SUCCESS,FOOD
TXN_10882,CUST_119,ACC_1007,DEBIT,91728.92,2026-03-02 00:51:53.513513,SUCCESS,UTILITIES
TXN_10883,CUST_121,ACC_1003,DEBIT,5443.54,2026-03-02 02:29:54.594594,SUCCESS,ENTERTAINMENT
TXN_10884,CUST_105,ACC_1029,TRANSFER,1106.97,2026-03-02 04:07:55.675675,SUCCESS,SHOPPING
TXN_10885,CUST_118,ACC_1044,DEBIT,1599.01,2026-03-02 05:45:56.756756,SUCCESS,ENTERTAINMENT
TXN_10886,CUST_128,ACC_1024,CREDIT,1388.29,2026-03-02 07:23:57.837837,SUCCESS,UTILITIES
TXN_10887,CUST_142,ACC_1003,TRANSFER,83.35,2026-03-02 09:01:58.918918,SUCCESS,FOOD
TXN_10888,CUST_122,ACC_1020,TRANSFER,927.24,2026-03-02 10:40:00.000000,SUCCESS,UTILITIES
TXN_10889,CUST_121,ACC_1046,CREDIT,1586.71,2026-03-02 12:18:01.081081,FAILED,TRAVEL
TXN_10890,CUST_106,ACC_1015,TRANSFER,1373.72,2026-03-02 13:56:02.162162,SUCCESS,TRAVEL
TXN_10891,CUST_101,ACC_1025,TRANSFER,3249.7,2026-03-02 15:34:03.243243,SUCCESS,ENTERTAINMENT
TXN_10892,CUST_105,ACC_1030,CREDIT,1264.53,2026-03-02 17:12:04.324324,SUCCESS,ENTERTAINMENT
TXN_10893,CUST_141,ACC_1014,CREDIT,1730.31,2026-03-02 18:50:05.405405,SUCCESS,SHOPPING
TXN_10894,CUST_112,ACC_1007,CREDIT,,2026-03-02 20:28:06.486486,SUCCESS,SHOPPING
TXN_10895,CUST_126,ACC_1017,CREDIT,3423.71,2026-03-02 22:06:07.567567,SUCCESS,TRAVEL
TXN_10896,CUST_146,ACC_1044,CREDIT,5018.93,2026-03-02 23:44:08.648648,SUCCESS,FOOD
TXN_10897,CUST_134,ACC_1020,DEBIT,1947.63,2026-03-03 01:22:09.729729,SUCCESS,UTILITIES
TXN_10898,CUST_149,ACC_1036,DEBIT,3944.87,2026-03-03 03:00:10.810810,SUCCESS,SHOPPING
TXN_10899,CUST_114,ACC_1009,DEBIT,930.24,2026-03-03 04:38:11.891891,SUCCESS,HEALTHCARE
TXN_10900,CUST_126,ACC_1038,DEBIT,1998.78,2026-03-03 06:16:12.972972,SUCCESS,SHOPPING
TXN_10901,CUST_145,ACC_1048,DEBIT,104501.95,2026-03-03 07:54:14.054054,SUCCESS,FOOD
TXN_10902,CUST_127,ACC_1022,DEBIT,1386.95,2026-03-03 09:32:15.135135,SUCCESS,FOOD
TXN_10903,CUST_109,ACC_1002,CREDIT,3345.78,2026-03-03 11:10:16.216216,SUCCESS,ENTERTAINMENT
TXN_10904,CUST_126,ACC_1024,DEBIT,5385.54,2026-03-03 12:48:17.297297,SUCCESS,UTILITIES
TXN_10905,CUST_147,ACC_1008,TRANSFER,373.84,2026-03-03 14:26:18.378378,SUCCESS,FOOD
TXN_10906,CUST_122,ACC_1011,DEBIT,2567.18,2026-03-03 16:04:19.459459,SUCCESS,SHOPPING
TXN_10907,CUST_147,ACC_1013,DEBIT,2231.54,2026-03-03 17:42:20.540540,SUCCESS,SHOPPING
TXN_10908,CUST_130,ACC_1017,CREDIT,365.08,2026-03-03 19:20:21.621621,SUCCESS,TRAVEL
TXN_10909,CUST_143,ACC_1008,CREDIT,645.31,2026-03-03 20:58:22.702702,SUCCESS,FOOD
TXN_10910,CUST_148,ACC_1021,DEBIT,981.29,2026-03-03 22:36:23.783783,PENDING,HEALTHCARE
TXN_10911,CUST_117,ACC_1018,TRANSFER,506.6,2026-03-04 00:14:24.864864,SUCCESS,ENTERTAINMENT
TXN_10912,CUST_126,ACC_1030,TRANSFER,748.39,2026-03-04 01:52:25.945945,FAILED,UTILITIES
TXN_10913,CUST_136,ACC_1018,DEBIT,828.57,2026-03-04 03:30:27.027027,SUCCESS,HEALTHCARE
TXN_10914,CUST_101,ACC_1046,DEBIT,1072.46,2026-03-04 05:08:28.108108,SUCCESS,ENTERTAINMENT
TXN_10915,CUST_108,ACC_1047,TRANSFER,3509.65,2026-03-04 06:46:29.189189,FAILED,SHOPPING
TXN_10916,CUST_149,ACC_1031,CREDIT,2171.07,2026-03-04 08:24:30.270270,SUCCESS,HEALTHCARE
TXN_10917,CUST_135,ACC_1038,CREDIT,10766.19,2026-03-04 10:02:31.351351,SUCCESS,ENTERTAINMENT
TXN_10918,CUST_115,ACC_1032,TRANSFER,1389.23,2026-03-04 11:40:32.432432,SUCCESS,SHOPPING
TXN_10919,CUST_147,ACC_1011,DEBIT,3554.69,2026-03-04 13:18:33.513513,SUCCESS,SHOPPING
TXN_10920,CUST_122,ACC_1045,DEBIT,5178.95,2026-03-04 14:56:34.594594,SUCCESS,SHOPPING
TXN_10921,CUST_114,ACC_1025,DEBIT,2890.62,2026-03-04 16:34:35.675675,SUCCESS,SHOPPING
TXN_10922,CUST_126,ACC_1033,CREDIT,1377.0,2026-03-04 18:12:36.756756,SUCCESS,SHOPPING
TXN_10923,CUST_128,ACC_1038,CREDIT,3551.94,2026-03-04 19:50:37.837837,SUCCESS,TRAVEL
TXN_10924,CUST_123,ACC_1041,CREDIT,619.35,2026-03-04 21:28:38.918918,PENDING,HEALTHCARE
TXN_10925,CUST_114,ACC_1008,DEBIT,1042.08,2026-03-04 23:06:40.000000,SUCCESS,ENTERTAINMENT
TXN_10926,CUST_124,ACC_1011,DEBIT,2027.92,2026-03-05 00:44:41.081081,SUCCESS,TRAVEL
TXN_10927,CUST_102,ACC_1022,DEBIT,2191.57,2026-03-05 02:22:42.162162,SUCCESS,TRAVEL
TXN_10928,CUST_145,ACC_1024,CREDIT,105.98,2026-03-05 04:00:43.243243,SUCCESS,FOOD
TXN_10929,CUST_126,ACC_1041,CREDIT,7306.25,2026-03-05 05:38:44.324324,SUCCESS,FOOD
TXN_10930,CUST_114,ACC_1017,DEBIT,3031.98,2026-03-05 07:16:45.405405,SUCCESS,FOOD
TXN_10931,CUST_107,ACC_1012,TRANSFER,1761.48,2026-03-05 08:54:46.486486,SUCCESS,UTILITIES
TXN_10932,CUST_103,ACC_1046,DEBIT,6812.41,2026-03-05 10:32:47.567567,SUCCESS,FOOD
TXN_10933,CUST_147,ACC_1032,TRANSFER,1495.51,2026-03-05 12:10:48.648648,SUCCESS,ENTERTAINMENT
TXN_10934,CUST_123,ACC_1015,DEBIT,9885.11,2026-03-05 13:48:49.729729,PENDING,TRAVEL
TXN_10935,CUST_146,ACC_1016,CREDIT,1845.06,2026-03-05 15:26:50.810810,SUCCESS,ENTERTAINMENT
TXN_10936,CUST_143,ACC_1022,DEBIT,353.4,2026-03-05 17:04:51.891891,SUCCESS,HEALTHCARE
TXN_10937,CUST_147,ACC_1028,TRANSFER,3668.31,2026-03-05 18:42:52.972972,SUCCESS,FOOD
TXN_10938,CUST_145,ACC_1020,DEBIT,56389.68,2026-03-05 20:20:54.054054,SUCCESS,UTILITIES
TXN_10939,CUST_118,ACC_1033,DEBIT,3756.87,2026-03-05 21:58:55.135135,FAILED,HEALTHCARE
TXN_10940,CUST_138,ACC_1010,DEBIT,7612.49,2026-03-05 23:36:56.216216,SUCCESS,UTILITIES
TXN_10941,CUST_135,ACC_1040,DEBIT,3795.74,2026-03-06 01:14:57.297297,SUCCESS,HEALTHCARE
TXN_10942,CUST_115,ACC_1032,DEBIT,2412.6,2026-03-06 02:52:58.378378,SUCCESS,TRAVEL
TXN_10943,CUST_125,ACC_1033,TRANSFER,4917.68,2026-03-06 04:30:59.459459,SUCCESS,ENTERTAINMENT
TXN_10944,CUST_137,ACC_1002,DEBIT,2846.37,2026-03-06 06:09:00.540540,SUCCESS,SHOPPING
TXN_10945,CUST_128,ACC_1033,CREDIT,1361.12,2026-03-06 07:47:01.621621,SUCCESS,ENTERTAINMENT
TXN_10946,CUST_110,ACC_1033,CREDIT,5470.57,2026-03-06 09:25:02.702702,SUCCESS,FOOD
TXN_10947,CUST_139,ACC_1041,CREDIT,677.25,2026-03-06 11:03:03.783783,SUCCESS,SHOPPING
TXN_10948,CUST_117,ACC_1013,DEBIT,3185.02,2026-03-06 12:41:04.864864,SUCCESS,UTILITIES
TXN_10949,CUST_139,ACC_1030,DEBIT,5383.44,2026-03-06 14:19:05.945945,SUCCESS,TRAVEL
TXN_10950,CUST_122,ACC_1033,CREDIT,3335.55,2026-03-06 15:57:07.027027,SUCCESS,TRAVEL
TXN_10951,CUST_126,ACC_1013,TRANSFER,3037.33,2026-03-06 17:35:08.108108,SUCCESS,UTILITIES
TXN_10952,CUST_144,ACC_1026,DEBIT,3542.26,2026-03-06 19:13:09.189189,SUCCESS,FOOD
TXN_10953,CUST_125,ACC_1022,DEBIT,1613.98,2026-03-06 20:51:10.270270,SUCCESS,UTILITIES
TXN_10954,CUST_117,ACC_1039,DEBIT,5232.07,2026-03-06 22:29:11.351351,SUCCESS,HEALTHCARE
TXN_10955,CUST_113,ACC_1002,TRANSFER,618.62,2026-03-07 00:07:12.432432,SUCCESS,FOOD
TXN_10956,CUST_120,ACC_1038,DEBIT,390.66,2026-03-07 01:45:13.513513,SUCCESS,SHOPPING
TXN_10957,CUST_125,ACC_1039,DEBIT,890.46,2026-03-07 03:23:14.594594,SUCCESS,UTILITIES
TXN_10958,CUST_104,ACC_1026,TRANSFER,1945.96,2026-03-07 05:01:15.675675,SUCCESS,FOOD
TXN_10959,CUST_110,ACC_1046,DEBIT,1836.24,2026-03-07 06:39:16.756756,SUCCESS,SHOPPING
TXN_10960,CUST_103,ACC_1015,DEBIT,4345.33,2026-03-07 08:17:17.837837,SUCCESS,UTILITIES
TXN_10961,CUST_141,ACC_1034,CREDIT,1346.17,2026-03-07 09:55:18.918918,SUCCESS,TRAVEL
TXN_10962,CUST_145,ACC_1042,TRANSFER,1705.79,2026-03-07 11:33:20.000000,SUCCESS,UTILITIES
TXN_10963,CUST_118,ACC_1044,DEBIT,83.64,2026-03-07 13:11:21.081081,SUCCESS,ENTERTAINMENT
TXN_10964,CUST_147,ACC_1049,DEBIT,1367.98,2026-03-07 14:49:22.162162,SUCCESS,UTILITIES
TXN_10965,CUST_136,ACC_1040,DEBIT,2658.71,2026-03-07 16:27:23.243243,SUCCESS,ENTERTAINMENT
TXN_10966,CUST_147,ACC_1011,DEBIT,89.07,2026-03-07 18:05:24.324324,FAILED,SHOPPING
TXN_10967,CUST_122,ACC_1003,CREDIT,874.32,2026-03-07 19:43:25.405405,SUCCESS,UTILITIES
TXN_10968,CUST_134,ACC_1006,DEBIT,632.85,2026-03-07 21:21:26.486486,FAILED,SHOPPING
TXN_10969,CUST_147,ACC_1009,DEBIT,157.23,2026-03-07 22:59:27.567567,SUCCESS,SHOPPING
TXN_10970,CUST_108,ACC_1006,DEBIT,1681.26,2026-03-08 00:37:28.648648,SUCCESS,FOOD
TXN_10971,CUST_140,ACC_1009,CREDIT,551.39,2026-03-08 02:15:29.729729,SUCCESS,SHOPPING
TXN_10972,CUST_149,ACC_1039,CREDIT,3447.49,2026-03-08 03:53:30.810810,SUCCESS,SHOPPING
TXN_10973,CUST_144,ACC_1031,TRANSFER,4758.5,2026-03-08 05:31:31.891891,SUCCESS,UTILITIES
TXN_10974,CUST_119,ACC_1032,DEBIT,2021.86,2026-03-08 07:09:32.972972,SUCCESS,UTILITIES
TXN_10975,CUST_142,ACC_1041,TRANSFER,10053.14,2026-03-08 08:47:34.054054,SUCCESS,
TXN_10976,CUST_141,ACC_1012,TRANSFER,1546.77,2026-03-08 10:25:35.135135,SUCCESS,FOOD
TXN_10977,CUST_137,ACC_1008,DEBIT,1850.62,2026-03-08 12:03:36.216216,SUCCESS,SHOPPING
TXN_10978,CUST_106,ACC_1008,DEBIT,11374.64,2026-03-08 13:41:37.297297,SUCCESS,FOOD
TXN_10979,CUST_126,ACC_1028,DEBIT,708.44,2026-03-08 15:19:38.378378,SUCCESS,ENTERTAINMENT
TXN_10980,CUST_134,ACC_1020,DEBIT,7191.92,2026-03-08 16:57:39.459459,SUCCESS,SHOPPING
TXN_10981,CUST_145,ACC_1047,DEBIT,159.46,2026-03-08 18:35:40.540540,PENDING,FOOD
TXN_10982,CUST_106,ACC_1007,DEBIT,1528.22,2026-03-08 20:13:41.621621,SUCCESS,TRAVEL
TXN_10983,CUST_137,ACC_1011,DEBIT,231.44,2026-03-08 21:51:42.702702,FAILED,TRAVEL
TXN_10984,CUST_133,ACC_1020,TRANSFER,3316.26,2026-03-08 23:29:43.783783,SUCCESS,SHOPPING
TXN_10985,CUST_122,ACC_1016,DEBIT,2393.84,2026-03-09 01:07:44.864864,SUCCESS,ENTERTAINMENT
TXN_10986,CUST_121,ACC_1004,TRANSFER,3115.84,2026-03-09 02:45:45.945945,SUCCESS,TRAVEL
TXN_10987,CUST_106,ACC_1006,CREDIT,,2026-03-09 04:23:47.027027,SUCCESS,
TXN_10988,CUST_106,ACC_1022,TRANSFER,1203.03,2026-03-09 06:01:48.108108,SUCCESS,ENTERTAINMENT
TXN_10989,CUST_148,ACC_1026,CREDIT,165.95,2026-03-09 07:39:49.189189,SUCCESS,FOOD
TXN_10990,CUST_104,ACC_1003,DEBIT,1126.75,2026-03-09 09:17:50.270270,SUCCESS,TRAVEL
TXN_10991,CUST_130,ACC_1041,CREDIT,6672.86,2026-03-09 10:55:51.351351,SUCCESS,UTILITIES
TXN_10992,CUST_111,ACC_1042,DEBIT,1241.97,2026-03-09 12:33:52.432432,SUCCESS,HEALTHCARE
TXN_10993,CUST_130,ACC_1014,DEBIT,4500.09,2026-03-09 14:11:53.513513,SUCCESS,HEALTHCARE
TXN_10994,CUST_131,ACC_1011,TRANSFER,4668.06,2026-03-09 15:49:54.594594,SUCCESS,TRAVEL
TXN_10995,CUST_124,ACC_1018,DEBIT,1217.98,2026-03-09 17:27:55.675675,SUCCESS,FOOD
TXN_10996,CUST_109,ACC_1012,DEBIT,2549.1,2026-03-09 19:05:56.756756,SUCCESS,FOOD
TXN_10997,CUST_103,ACC_1023,CREDIT,300.58,2026-03-09 20:43:57.837837,SUCCESS,SHOPPING
TXN_10998,CUST_131,ACC_1012,TRANSFER,323.64,2026-03-09 22:21:58.918918,SUCCESS,UTILITIES
TXN_10999,CUST_140,ACC_1013,CREDIT,174.7,2026-03-10 00:00:00.000000,SUCCESS,FOOD
